model_id,task,budget,n,mean_lora_minus_icl,ci_low,ci_high,median_lora_minus_icl,min_lora_minus_icl,max_lora_minus_icl,direction_by_threshold
Qwen/Qwen3-0.6B,mrpc,1,5,-0.05390625,-0.1046875,-0.003125,-0.015625,-0.1328125,0.0,ICL
Qwen/Qwen3-0.6B,mrpc,2,5,-0.10703125,-0.1609375,-0.053125,-0.1171875,-0.19921875,-0.03125,ICL
Qwen/Qwen3-0.6B,mrpc,4,5,-0.0609375,-0.09921875,-0.0265625,-0.0546875,-0.12890625,-0.01171875,ICL
Qwen/Qwen3-0.6B,mrpc,8,5,-0.1359375,-0.16328125,-0.10234375,-0.15234375,-0.16796875,-0.07421875,ICL
Qwen/Qwen3-0.6B,mrpc,16,5,-0.134375,-0.17890625,-0.07109375,-0.17578125,-0.1796875,-0.01953125,ICL
Qwen/Qwen3-0.6B,mrpc,32,5,-0.08671875,-0.11015625,-0.06328125,-0.08984375,-0.125,-0.0546875,ICL
Qwen/Qwen3-0.6B,rte,1,5,-0.121875,-0.134375,-0.1,-0.1328125,-0.13671875,-0.078125,ICL
Qwen/Qwen3-0.6B,rte,2,5,-0.09609375,-0.15078125,-0.04453125,-0.06640625,-0.17578125,-0.01171875,ICL
Qwen/Qwen3-0.6B,rte,4,5,-0.05078125,-0.13828125,0.03671875,-0.01171875,-0.17578125,0.08984375,ICL
Qwen/Qwen3-0.6B,rte,8,5,-0.109375,-0.16328125,-0.0546875,-0.09375,-0.18359375,-0.04296875,ICL
Qwen/Qwen3-0.6B,rte,16,5,-0.0578125,-0.09765625,-0.015625,-0.07421875,-0.125,0.0234375,ICL
Qwen/Qwen3-0.6B,rte,32,5,0.06328125,0.040625,0.0859375,0.0625,0.02734375,0.09765625,LoRA
Qwen/Qwen3-0.6B,sst2,1,5,0.04296875,-0.03984375,0.10078125,0.05859375,-0.11328125,0.12890625,LoRA
Qwen/Qwen3-0.6B,sst2,2,5,-0.0125,-0.0859375,0.04453125,0.00390625,-0.15234375,0.05859375,tie
Qwen/Qwen3-0.6B,sst2,4,5,-0.0421875,-0.0890625,0.0109375,-0.046875,-0.1171875,0.05078125,ICL
Qwen/Qwen3-0.6B,sst2,8,5,-0.053125,-0.084375,-0.0140625,-0.05859375,-0.09765625,0.01953125,ICL
Qwen/Qwen3-0.6B,sst2,16,5,-0.06953125,-0.09296875,-0.04921875,-0.06640625,-0.109375,-0.03515625,ICL
Qwen/Qwen3-0.6B,sst2,32,5,-0.0265625,-0.0296875,-0.0234375,-0.0234375,-0.03125,-0.0234375,ICL
Qwen/Qwen3-0.6B,trec,1,5,-0.12265625,-0.15078125,-0.0921875,-0.14453125,-0.15625,-0.0703125,ICL
Qwen/Qwen3-0.6B,trec,2,5,-0.1796875,-0.23046875,-0.13046875,-0.16796875,-0.2734375,-0.09765625,ICL
Qwen/Qwen3-0.6B,trec,4,5,-0.21171875,-0.2578125,-0.16484375,-0.2265625,-0.2734375,-0.1328125,ICL
Qwen/Qwen3-0.6B,trec,8,5,-0.32109375,-0.36640625,-0.26484375,-0.34765625,-0.37890625,-0.22265625,ICL
Qwen/Qwen3-0.6B,trec,16,5,-0.30546875,-0.33828125,-0.27265625,-0.32421875,-0.34765625,-0.2578125,ICL
Qwen/Qwen3-0.6B,trec,32,5,-0.32265625,-0.3703125,-0.26875,-0.3515625,-0.390625,-0.23828125,ICL
Qwen/Qwen3-1.7B,mrpc,1,5,-0.0375,-0.059375,-0.01796875,-0.03515625,-0.078125,-0.00390625,ICL
Qwen/Qwen3-1.7B,mrpc,2,5,-0.06171875,-0.084375,-0.0390625,-0.0703125,-0.08984375,-0.0234375,ICL
Qwen/Qwen3-1.7B,mrpc,4,5,-0.0515625,-0.07734375,-0.02109375,-0.0546875,-0.08984375,0.00390625,ICL
Qwen/Qwen3-1.7B,mrpc,8,5,-0.09609375,-0.11015625,-0.08515625,-0.09375,-0.12109375,-0.078125,ICL
Qwen/Qwen3-1.7B,mrpc,16,5,-0.05234375,-0.0890625,-0.02265625,-0.03515625,-0.1171875,-0.00390625,ICL
Qwen/Qwen3-1.7B,mrpc,32,5,-0.07421875,-0.10234375,-0.04609375,-0.07421875,-0.11328125,-0.03125,ICL
Qwen/Qwen3-1.7B,rte,1,5,0.01328125,-0.003125,0.03046875,0.0078125,-0.015625,0.0390625,tie
Qwen/Qwen3-1.7B,rte,2,5,0.05,0.01875,0.0859375,0.0390625,0.00390625,0.1171875,LoRA
Qwen/Qwen3-1.7B,rte,4,5,0.08828125,0.05078125,0.12578125,0.08984375,0.02734375,0.13671875,LoRA
Qwen/Qwen3-1.7B,rte,8,5,0.10078125,0.0859375,0.1140625,0.1015625,0.07421875,0.12109375,LoRA
Qwen/Qwen3-1.7B,rte,16,5,0.09921875,0.0703125,0.128125,0.1015625,0.046875,0.13671875,LoRA
Qwen/Qwen3-1.7B,rte,32,5,0.07578125,0.04375,0.10859375,0.0703125,0.0234375,0.12890625,LoRA
Qwen/Qwen3-1.7B,sst2,1,5,-0.09375,-0.11171875,-0.07578125,-0.09765625,-0.12109375,-0.06640625,ICL
Qwen/Qwen3-1.7B,sst2,2,5,-0.1125,-0.12265625,-0.1,-0.11328125,-0.12890625,-0.08984375,ICL
Qwen/Qwen3-1.7B,sst2,4,5,-0.11171875,-0.11640625,-0.10703125,-0.11328125,-0.12109375,-0.10546875,ICL
Qwen/Qwen3-1.7B,sst2,8,5,-0.12265625,-0.12890625,-0.11640625,-0.12109375,-0.1328125,-0.11328125,ICL
Qwen/Qwen3-1.7B,sst2,16,5,-0.121875,-0.13125,-0.1125,-0.125,-0.1328125,-0.109375,ICL
Qwen/Qwen3-1.7B,sst2,32,5,-0.09453125,-0.10234375,-0.08984375,-0.08984375,-0.109375,-0.08984375,ICL
Qwen/Qwen3-1.7B,trec,1,5,-0.06953125,-0.0953125,-0.0484375,-0.0703125,-0.12109375,-0.04296875,ICL
Qwen/Qwen3-1.7B,trec,2,5,-0.11640625,-0.1515625,-0.08671875,-0.10546875,-0.18359375,-0.078125,ICL
Qwen/Qwen3-1.7B,trec,4,5,-0.17265625,-0.203125,-0.13828125,-0.1953125,-0.2109375,-0.1171875,ICL
Qwen/Qwen3-1.7B,trec,8,5,-0.215625,-0.27109375,-0.15078125,-0.25390625,-0.2890625,-0.109375,ICL
Qwen/Qwen3-1.7B,trec,16,5,-0.25546875,-0.2734375,-0.2265625,-0.265625,-0.27734375,-0.19921875,ICL
Qwen/Qwen3-1.7B,trec,32,5,-0.27109375,-0.2984375,-0.23515625,-0.28125,-0.30859375,-0.19921875,ICL
Qwen/Qwen3-4B,mrpc,1,5,0.0109375,-0.00703125,0.02734375,0.01171875,-0.0234375,0.03125,tie
Qwen/Qwen3-4B,mrpc,2,5,0.01015625,-0.00546875,0.02265625,0.01953125,-0.015625,0.02734375,tie
Qwen/Qwen3-4B,mrpc,4,5,0.02265625,0.0078125,0.03984375,0.0234375,0.0,0.0546875,LoRA
Qwen/Qwen3-4B,mrpc,8,5,0.02734375,0.0125,0.03828125,0.03125,0.0,0.04296875,LoRA
Qwen/Qwen3-4B,mrpc,16,5,0.0328125,0.01640625,0.05,0.01953125,0.01171875,0.05859375,LoRA
Qwen/Qwen3-4B,mrpc,32,5,0.04296875,0.02890625,0.05859375,0.0390625,0.01953125,0.0703125,LoRA
Qwen/Qwen3-4B,rte,1,5,-0.0390625,-0.0484375,-0.0296875,-0.0390625,-0.0546875,-0.0234375,ICL
Qwen/Qwen3-4B,rte,2,5,-0.0265625,-0.03203125,-0.021875,-0.0234375,-0.03515625,-0.01953125,ICL
Qwen/Qwen3-4B,rte,4,5,-0.025,-0.03671875,-0.0109375,-0.02734375,-0.04296875,0.0,ICL
Qwen/Qwen3-4B,rte,8,5,-0.01875,-0.03125,-0.0046875,-0.03125,-0.03125,0.00390625,tie
Qwen/Qwen3-4B,rte,16,5,-0.00390625,-0.009375,0.00390625,-0.0078125,-0.01171875,0.01171875,tie
Qwen/Qwen3-4B,rte,32,5,-0.00625,-0.01796875,0.00546875,-0.01171875,-0.0234375,0.01171875,tie
Qwen/Qwen3-4B,sst2,1,5,-0.00625,-0.015625,0.00234375,-0.00390625,-0.0234375,0.0078125,tie
Qwen/Qwen3-4B,sst2,2,5,-0.00703125,-0.0140625,0.00078125,-0.0078125,-0.015625,0.0078125,tie
Qwen/Qwen3-4B,sst2,4,5,-0.0046875,-0.0109375,0.00078125,-0.00390625,-0.015625,0.00390625,tie
Qwen/Qwen3-4B,sst2,8,5,-0.0046875,-0.009375,0.00078125,-0.0078125,-0.01171875,0.00390625,tie
Qwen/Qwen3-4B,sst2,16,5,-0.00078125,-0.0078125,0.00859375,-0.0078125,-0.0078125,0.015625,tie
Qwen/Qwen3-4B,sst2,32,5,-0.00546875,-0.0078125,-0.00234375,-0.0078125,-0.0078125,0.0,tie
Qwen/Qwen3-4B,trec,1,5,-0.10703125,-0.1203125,-0.09296875,-0.109375,-0.12890625,-0.08203125,ICL
Qwen/Qwen3-4B,trec,2,5,-0.11328125,-0.13203125,-0.09921875,-0.10546875,-0.14453125,-0.08984375,ICL
Qwen/Qwen3-4B,trec,4,5,-0.16171875,-0.1953125,-0.128125,-0.1640625,-0.21484375,-0.10546875,ICL
Qwen/Qwen3-4B,trec,8,5,-0.20859375,-0.23984375,-0.1796875,-0.2109375,-0.265625,-0.16015625,ICL
Qwen/Qwen3-4B,trec,16,5,-0.21484375,-0.221875,-0.2078125,-0.21484375,-0.2265625,-0.203125,ICL
Qwen/Qwen3-4B,trec,32,5,-0.2125,-0.2515625,-0.17890625,-0.203125,-0.27734375,-0.15625,ICL
