model_id,task,budget,seed,icl_accuracy,lora_accuracy,lora_minus_icl_accuracy,icl_runtime_sec,lora_runtime_sec,lora_minus_icl_runtime_sec,lora_train_runtime_sec,lora_inference_runtime_sec,lora_model_load_sec
Qwen/Qwen3-0.6B,sst2,1,7,0.69921875,0.75,0.05078125,25.110244151990628,33.08959831498214,7.979354162991513,0.27834791198256426,32.284188049001386,0.5270623539981898
Qwen/Qwen3-0.6B,sst2,1,13,0.66015625,0.75,0.08984375,23.554766258996096,30.935800007999205,7.381033749003109,0.25283765899803257,30.236892472999898,0.4460698760012747
Qwen/Qwen3-0.6B,sst2,1,21,0.59765625,0.7265625,0.12890625,23.634600903002138,31.051182762999815,7.416581859997677,0.11564454600011231,30.507433937000314,0.4281042799993884
Qwen/Qwen3-0.6B,sst2,1,42,0.671875,0.73046875,0.05859375,23.489389993002987,32.08821815199917,8.598828158996184,0.10768961899884744,31.525418992001505,0.4551095409988193
Qwen/Qwen3-0.6B,sst2,1,55,0.828125,0.71484375,-0.11328125,25.666250187001424,33.05333705805242,7.387086871050997,0.11466714102425613,32.40700778202154,0.5316621350066271
Qwen/Qwen3-0.6B,sst2,2,7,0.7890625,0.765625,-0.0234375,25.168798037979286,33.19168672899832,8.022888691019034,0.19407302301260643,32.441042372985976,0.5565713329997379
Qwen/Qwen3-0.6B,sst2,2,13,0.70703125,0.7578125,0.05078125,23.46550879300048,31.68710078100048,8.221591988,0.19314432299870532,31.067925513001683,0.4260309450000932
Qwen/Qwen3-0.6B,sst2,2,21,0.671875,0.73046875,0.05859375,23.59469886500301,31.234682973994495,7.639984108991484,0.1833170469981269,30.659456553999917,0.39190937299645157
Qwen/Qwen3-0.6B,sst2,2,42,0.734375,0.73828125,0.00390625,23.547395483998116,32.32088140500127,8.773485921003157,0.19065153200062923,31.687743090998993,0.4424867820016516
Qwen/Qwen3-0.6B,sst2,2,55,0.8828125,0.73046875,-0.15234375,25.351296214998,33.038628513982985,7.687332298984984,0.20524517798912711,32.32521724500111,0.508166090992745
Qwen/Qwen3-0.6B,sst2,4,7,0.83203125,0.765625,-0.06640625,25.265975089016138,33.48142116799136,8.21544607897522,0.39218109898502007,32.543567473010626,0.5456725959957112
Qwen/Qwen3-0.6B,sst2,4,13,0.70703125,0.7578125,0.05078125,23.490326024999376,31.793238490005024,8.302912465005647,0.37332535600216943,30.99192191700058,0.4279912170022726
Qwen/Qwen3-0.6B,sst2,4,21,0.78515625,0.73828125,-0.046875,23.648215822002385,32.03389841800163,8.385682595999242,0.3617271550028818,31.25596880000012,0.4162024629986263
Qwen/Qwen3-0.6B,sst2,4,42,0.76953125,0.73828125,-0.03125,23.728474298994115,32.35766732800039,8.629193029006274,0.37666325800091727,31.53574096400189,0.4452631059975829
Qwen/Qwen3-0.6B,sst2,4,55,0.83984375,0.72265625,-0.1171875,25.973278263991233,33.2176925559761,7.244414291984867,0.3895004770020023,32.30422437298694,0.523967705987161
Qwen/Qwen3-0.6B,sst2,8,7,0.8203125,0.7734375,-0.046875,25.37112036999315,34.09155112103326,8.720430751040112,0.7705657080223318,32.794892848993186,0.5260925640177447
Qwen/Qwen3-0.6B,sst2,8,13,0.7421875,0.76171875,0.01953125,23.54140156500216,32.306026665999525,8.764625100997364,0.7200808400011738,31.165510928000003,0.4204348979983479
Qwen/Qwen3-0.6B,sst2,8,21,0.83984375,0.7421875,-0.09765625,23.861690009995073,33.119502272005775,9.257812262010702,0.7396797870023875,31.97360615800062,0.4062163270027668
Qwen/Qwen3-0.6B,sst2,8,42,0.8125,0.75390625,-0.05859375,24.159200757007056,32.93070123200232,8.771500474995264,0.7395678270004282,31.77889909100122,0.41223431400067057
Qwen/Qwen3-0.6B,sst2,8,55,0.828125,0.74609375,-0.08203125,25.57215426300536,34.05018051000661,8.478026247001253,0.8795564220054075,32.602749718003906,0.5678743699972983
Qwen/Qwen3-0.6B,sst2,16,7,0.90625,0.796875,-0.109375,25.42726210001274,35.03042299899971,9.603160898986971,1.4926863470172975,33.00600226398092,0.531734388001496
Qwen/Qwen3-0.6B,sst2,16,13,0.82421875,0.7890625,-0.03515625,23.660285461002786,32.90271737200237,9.242431910999585,1.4477866109991737,31.034446236000804,0.42048452500239364
Qwen/Qwen3-0.6B,sst2,16,21,0.8515625,0.7734375,-0.078125,25.15156404899608,33.812535553995986,8.660971504999907,1.4874751850002212,31.903052384997864,0.42200798399790074
Qwen/Qwen3-0.6B,sst2,16,42,0.84765625,0.78125,-0.06640625,24.01753328400082,33.04569489699861,9.028161612997792,1.498604680000426,31.133862296999723,0.4132279199984623
Qwen/Qwen3-0.6B,sst2,16,55,0.8515625,0.79296875,-0.05859375,25.554292621003697,34.655754320992855,9.101461699989159,1.4981870350020472,32.61192305298755,0.5456442330032587
Qwen/Qwen3-0.6B,sst2,32,7,0.91015625,0.87890625,-0.03125,25.566411489999155,37.41165145099512,11.845239960995968,3.010365477995947,33.90490973499254,0.4963762380066328
Qwen/Qwen3-0.6B,sst2,32,13,0.87109375,0.84765625,-0.0234375,23.798727344998042,34.75894684499508,10.960219499997038,2.9781154319971392,31.35046352199788,0.4303678910000599
Qwen/Qwen3-0.6B,sst2,32,21,0.83203125,0.80859375,-0.0234375,24.306014898000285,36.315978368002106,12.009963470001821,2.981264451002062,32.910117875999276,0.4245960410007683
Qwen/Qwen3-0.6B,sst2,32,42,0.83984375,0.80859375,-0.03125,24.002231498001493,34.56612816499546,10.56389666699397,3.0237106809981924,31.15210250599921,0.3903149779980595
Qwen/Qwen3-0.6B,sst2,32,55,0.87890625,0.85546875,-0.0234375,25.637341037014266,36.79939722499694,11.162056187982671,3.016051549988333,33.241168545995606,0.5421771290129982
Qwen/Qwen3-0.6B,mrpc,1,7,0.62109375,0.5,-0.12109375,25.410640575020807,40.468714627990266,15.05807405296946,0.1191380090021994,39.77893339699949,0.5706432219885755
Qwen/Qwen3-0.6B,mrpc,1,13,0.5,0.5,0.0,23.866802032000123,36.98492666000311,13.118124628002988,0.11822796200067387,36.419764446000045,0.4469342520023929
Qwen/Qwen3-0.6B,mrpc,1,21,0.6328125,0.5,-0.1328125,23.214999618001457,37.36434968100002,14.149350062998565,0.12632056399888825,36.79171199399934,0.4463171230017906
Qwen/Qwen3-0.6B,mrpc,1,42,0.5,0.5,0.0,23.36136580099992,36.97374858299736,13.61238278199744,0.11877659399760887,36.44479486199998,0.4101771269997698
Qwen/Qwen3-0.6B,mrpc,1,55,0.515625,0.5,-0.015625,25.533233950001886,40.434310112003004,14.901076162001118,0.16733549800119363,39.73050542699639,0.536469187005423
Qwen/Qwen3-0.6B,mrpc,2,7,0.69921875,0.5,-0.19921875,25.491192054993007,40.571524217986735,15.080332162993727,0.219437712978106,39.810720489011146,0.5413660159974825
Qwen/Qwen3-0.6B,mrpc,2,13,0.64453125,0.5,-0.14453125,23.65402902900314,37.259540363997075,13.605511334993935,0.1979368499996781,36.66775362899716,0.3938498850002361
Qwen/Qwen3-0.6B,mrpc,2,21,0.54296875,0.5,-0.04296875,23.410084557999653,37.630671925999195,14.220587367999542,0.19251331000123173,37.04334722400017,0.39481139199779136
Qwen/Qwen3-0.6B,mrpc,2,42,0.6171875,0.5,-0.1171875,23.36082305799937,36.89793275899865,13.537109700999281,0.20827876899784314,36.30841659100042,0.38123739900038345
Qwen/Qwen3-0.6B,mrpc,2,55,0.53125,0.5,-0.03125,25.414370166981826,40.84887932197307,15.434509154991247,0.2100328249798622,40.0924176480039,0.5464288489893079
Qwen/Qwen3-0.6B,mrpc,4,7,0.52734375,0.5,-0.02734375,25.54355125501752,40.86781618502573,15.324264930008212,0.40052659501088783,39.909688762010774,0.5576008280040696
Qwen/Qwen3-0.6B,mrpc,4,13,0.5546875,0.5,-0.0546875,23.437303266000526,37.439330137996876,14.00202687199635,0.3807916779987863,36.66446881400043,0.3940696459976607
Qwen/Qwen3-0.6B,mrpc,4,21,0.58203125,0.5,-0.08203125,23.499510225999984,38.01597972400123,14.516469498001243,0.37799895200078026,37.23718426499909,0.4007965070013597
Qwen/Qwen3-0.6B,mrpc,4,42,0.62890625,0.5,-0.12890625,23.48577633899913,37.35355642700233,13.867780088003201,0.3723071759995946,36.58076409500063,0.4004851560021052
Qwen/Qwen3-0.6B,mrpc,4,55,0.51171875,0.5,-0.01171875,25.546993870986626,40.95490071200766,15.407906841021031,0.4076281269954052,40.04050802401616,0.5067645609960891
Qwen/Qwen3-0.6B,mrpc,8,7,0.62109375,0.5,-0.12109375,25.583909662993392,41.637798650044715,16.053888987051323,0.7804247010208201,40.318984637007816,0.5383893120160792
Qwen/Qwen3-0.6B,mrpc,8,13,0.57421875,0.5,-0.07421875,23.439565495998977,38.193912357000954,14.754346861001977,0.7352870569993684,37.06007464100185,0.3985506589997385
Qwen/Qwen3-0.6B,mrpc,8,21,0.66796875,0.5,-0.16796875,23.422714370000904,40.42772387700097,17.005009507000068,0.7491633410027134,39.2846133239982,0.39394721200005733
Qwen/Qwen3-0.6B,mrpc,8,42,0.6640625,0.5,-0.1640625,23.35682240100141,37.91006767399449,14.553245272993081,0.7706511539981875,36.75054343699958,0.3888730829967244
Qwen/Qwen3-0.6B,mrpc,8,55,0.65234375,0.5,-0.15234375,25.41082556801848,41.34060376702109,15.929778199002612,0.7700716670078691,40.05447065300541,0.5160614470078144
Qwen/Qwen3-0.6B,mrpc,16,7,0.51953125,0.5,-0.01953125,25.68883160498808,42.20900556698325,16.52017396199517,1.547183110989863,40.121007411013125,0.5408150449802633
Qwen/Qwen3-0.6B,mrpc,16,13,0.67578125,0.5,-0.17578125,23.46778953499961,39.37374478100173,15.905955246002122,1.5066392890003044,37.46068369600107,0.4064217960003589
Qwen/Qwen3-0.6B,mrpc,16,21,0.6171875,0.5,-0.1171875,23.63458217099833,38.66600576699784,15.031423595999513,1.447808458997315,36.812065792000794,0.4061315159997321
Qwen/Qwen3-0.6B,mrpc,16,42,0.6796875,0.5,-0.1796875,23.546089311003016,38.41534537099869,14.869256059995678,1.4308436699975573,36.58330116599973,0.40120053500140784
Qwen/Qwen3-0.6B,mrpc,16,55,0.6796875,0.5,-0.1796875,25.65106569699128,42.177441825013375,16.526376128022093,1.5244742170034442,40.10549645801075,0.5474711499991827
Qwen/Qwen3-0.6B,mrpc,32,7,0.6796875,0.58984375,-0.08984375,25.88056046300335,43.55856486898847,17.67800440598512,3.0142231119971257,40.014780047000386,0.5295617099909578
Qwen/Qwen3-0.6B,mrpc,32,13,0.6640625,0.55859375,-0.10546875,19.713264631001948,40.29417831999672,20.58091368899477,2.881378660000337,37.01459794099719,0.3982017189991893
Qwen/Qwen3-0.6B,mrpc,32,21,0.65234375,0.59765625,-0.0546875,24.234752670003218,40.562330251003004,16.327577580999787,2.9009734009996464,37.268903561001935,0.3924532890014234
Qwen/Qwen3-0.6B,mrpc,32,42,0.66796875,0.609375,-0.05859375,21.426898742996855,40.11024032299974,18.68334158000289,2.8319767590000993,36.88362274999963,0.39464081400001305
Qwen/Qwen3-0.6B,mrpc,32,55,0.703125,0.578125,-0.125,23.3756604490045,44.00867797099636,20.63301752199186,3.0847923939873,40.41964786799508,0.504237709013978
Qwen/Qwen3-0.6B,rte,1,7,0.71875,0.58984375,-0.12890625,28.766758087003836,40.82152637801482,12.054768291010987,0.13546235201647505,40.12852135297726,0.5575426730210893
Qwen/Qwen3-0.6B,rte,1,13,0.73046875,0.59765625,-0.1328125,27.816048128002876,36.91129867499694,9.095250546994066,0.12537956399683026,36.37795292800001,0.4079661830000987
Qwen/Qwen3-0.6B,rte,1,21,0.6796875,0.6015625,-0.078125,28.59028149599908,37.71475754900166,9.124476053002581,0.13137870699938503,37.16745054600324,0.4159282959990378
Qwen/Qwen3-0.6B,rte,1,42,0.73046875,0.59375,-0.13671875,26.809915887999523,38.17401574600444,11.36409985800492,0.14368247700258507,37.59262781200232,0.437705456999538
Qwen/Qwen3-0.6B,rte,1,55,0.73046875,0.59765625,-0.1328125,29.155269810988102,41.04351983999368,11.888250029005576,0.12877885799389333,40.348686504992656,0.5660544770071283
Qwen/Qwen3-0.6B,rte,2,7,0.60546875,0.59375,-0.01171875,27.558366295997985,40.72828810400097,13.169921808002982,0.22472633799770847,39.95057199001894,0.5529897759843152
Qwen/Qwen3-0.6B,rte,2,13,0.7578125,0.59765625,-0.16015625,26.25165686600303,36.983994989001076,10.732338122998044,0.22451941200051806,36.37802247199943,0.3814531050011283
Qwen/Qwen3-0.6B,rte,2,21,0.765625,0.58984375,-0.17578125,28.704826230001345,37.14269815300577,8.437871923004423,0.21119981400261167,36.539297610001086,0.39220072900207015
Qwen/Qwen3-0.6B,rte,2,42,0.66015625,0.59375,-0.06640625,26.48823611700209,40.423600145997625,13.935364028995537,0.20323560799806728,39.82466046000263,0.39570407799692475
Qwen/Qwen3-0.6B,rte,2,55,0.6640625,0.59765625,-0.06640625,28.61812137797824,41.18907207500888,12.57095069703064,0.2093021240143571,40.43553604799672,0.5442339029978029
Qwen/Qwen3-0.6B,rte,4,7,0.58203125,0.58984375,0.0078125,30.695435775007354,40.990662784985034,10.29522700997768,0.4126716489845421,40.04628958698595,0.5317015490145423
Qwen/Qwen3-0.6B,rte,4,13,0.765625,0.58984375,-0.17578125,27.86285229400164,37.27312497899766,9.410272684996016,0.37305760999879567,36.50417352899967,0.39589383999918937
Qwen/Qwen3-0.6B,rte,4,21,0.51171875,0.6015625,0.08984375,28.92066546699789,37.74611331300548,8.825447846007592,0.3955424750020029,36.95467911200103,0.3958917260024464
Qwen/Qwen3-0.6B,rte,4,42,0.60546875,0.59375,-0.01171875,25.210511000001134,37.49078526599624,12.280274265995104,0.3831287719985994,36.71279368499745,0.39486280900018755
Qwen/Qwen3-0.6B,rte,4,55,0.7578125,0.59375,-0.1640625,30.360013589001028,41.14471764297923,10.784704053978203,0.39910365198738873,40.235715872986475,0.509898118005367
Qwen/Qwen3-0.6B,rte,8,7,0.65234375,0.60546875,-0.046875,30.754371821007226,41.70372854001471,10.949356719007483,0.7972830590151716,40.39419974500197,0.512245735997567
Qwen/Qwen3-0.6B,rte,8,13,0.69140625,0.59765625,-0.09375,27.08423879900147,38.14341539100133,11.059176591999858,0.7340921979994164,37.024091439001495,0.3852317540004151
Qwen/Qwen3-0.6B,rte,8,21,0.77734375,0.59765625,-0.1796875,25.59470711299946,38.021077358000184,12.426370245000726,0.7417052380005771,36.88723474699873,0.39213737300087814
Qwen/Qwen3-0.6B,rte,8,42,0.640625,0.59765625,-0.04296875,24.99380256099903,37.99846102499578,13.004658463996748,0.7719510799979616,36.84518186299829,0.38132808199952706
Qwen/Qwen3-0.6B,rte,8,55,0.78515625,0.6015625,-0.18359375,28.71242585001164,41.73392701297416,13.021501162962522,0.7958687719947193,40.372034334985074,0.5660239059943706
Qwen/Qwen3-0.6B,rte,16,7,0.6171875,0.640625,0.0234375,30.93595070799347,42.31055647600442,11.374605768010952,1.545168447017204,40.22469116997672,0.5406968590104952
Qwen/Qwen3-0.6B,rte,16,13,0.6796875,0.64453125,-0.03515625,26.37526868599889,38.16152714099735,11.78625845499846,1.4273977049997484,36.3578200310003,0.3763094049973006
Qwen/Qwen3-0.6B,rte,16,21,0.71484375,0.63671875,-0.078125,25.193823104997136,38.62736634599787,13.433543241000734,1.443987886999821,36.77901285899861,0.4043655999994371
Qwen/Qwen3-0.6B,rte,16,42,0.7578125,0.6328125,-0.125,26.953320061998966,38.83399663199816,11.880676569999196,1.442646101997525,37.01087791900136,0.3804726109992771
Qwen/Qwen3-0.6B,rte,16,55,0.7109375,0.63671875,-0.07421875,28.050333721999777,42.560786904010456,14.510453182010679,1.5382088750193361,40.481268998992164,0.5413090299989562
Qwen/Qwen3-0.6B,rte,32,7,0.67578125,0.703125,0.02734375,28.19410131999757,43.92297983600292,15.728878516005352,3.053494900028454,40.326899375999346,0.542585559975123
Qwen/Qwen3-0.6B,rte,32,13,0.6484375,0.7109375,0.0625,29.05997599299735,42.6434972179959,13.583521224998549,2.822720862997812,39.43276789099764,0.38800846400044975
Qwen/Qwen3-0.6B,rte,32,21,0.625,0.72265625,0.09765625,26.17647871200097,40.210322738003015,14.033844026002043,2.8705898500011244,36.94885650300057,0.39087638500132016
Qwen/Qwen3-0.6B,rte,32,42,0.6328125,0.71875,0.0859375,25.785311703002662,40.38698578700496,14.601674084002298,2.8556227250010124,37.134715279000375,0.39664778300357284
Qwen/Qwen3-0.6B,rte,32,55,0.67578125,0.71875,0.04296875,29.32213386098738,44.09003013401525,14.767896273027873,3.0802032770006917,40.450350707018515,0.5594761499960441
Qwen/Qwen3-0.6B,trec,1,7,0.359375,0.203125,-0.15625,29.31933956599096,39.775079618993914,10.455740053002955,0.11429307298385538,39.10490818100516,0.5558783650049008
Qwen/Qwen3-0.6B,trec,1,13,0.34765625,0.203125,-0.14453125,25.874938130000373,36.36411877599676,10.489180645996385,0.10133625500020571,35.829993062998255,0.4327894579982967
Qwen/Qwen3-0.6B,trec,1,21,0.24609375,0.17578125,-0.0703125,27.247064457002125,38.84397405800337,11.596909601001244,0.10240903300291393,38.32961438699931,0.4119506380011444
Qwen/Qwen3-0.6B,trec,1,42,0.26953125,0.17578125,-0.09375,28.500081802998466,36.80087304799963,8.300791245001164,0.101872708000883,36.268895590998,0.4301047490007477
Qwen/Qwen3-0.6B,trec,1,55,0.328125,0.1796875,-0.1484375,30.015539391024504,40.04200814300566,10.026468751981156,0.11534675498842262,39.382033421017695,0.544627966999542
Qwen/Qwen3-0.6B,trec,2,7,0.3671875,0.19921875,-0.16796875,27.243263806012692,39.895110801036935,12.651846995024243,0.20137221002369188,39.16243681602646,0.5313017749867868
Qwen/Qwen3-0.6B,trec,2,13,0.390625,0.1953125,-0.1953125,24.788689488999808,36.4896864250004,11.700996936000593,0.18181588100196677,35.915996684001584,0.3918738599968492
Qwen/Qwen3-0.6B,trec,2,21,0.34375,0.1796875,-0.1640625,26.71078246700199,40.5492456159991,13.838463148997107,0.19360973500079126,39.954014535996976,0.40162134500133106
Qwen/Qwen3-0.6B,trec,2,42,0.44921875,0.17578125,-0.2734375,28.778101007999794,36.91659648999848,8.138495481998689,0.19042388999878312,36.334365370999876,0.39180722899982356
Qwen/Qwen3-0.6B,trec,2,55,0.28125,0.18359375,-0.09765625,30.373783046001336,40.274715137988096,9.90093209198676,0.24567207699874416,39.48084262499469,0.5482004359946586
Qwen/Qwen3-0.6B,trec,4,7,0.375,0.20703125,-0.16796875,29.766127306997078,40.24120571097592,10.475078403978841,0.44238443599897437,39.25020581998979,0.5486154549871571
Qwen/Qwen3-0.6B,trec,4,13,0.453125,0.1953125,-0.2578125,26.993071335000423,36.624989376992744,9.631918041992321,0.3551598189987999,35.86687251999683,0.4029570379971119
Qwen/Qwen3-0.6B,trec,4,21,0.4140625,0.1875,-0.2265625,25.493642010998883,39.53381347699906,14.040171466000174,0.38526478499989025,38.716633194999304,0.43191549699986354
Qwen/Qwen3-0.6B,trec,4,42,0.44921875,0.17578125,-0.2734375,27.571068417000788,37.12212767899837,9.55105926199758,0.36526662899996154,36.36665576199812,0.3902052880002884
Qwen/Qwen3-0.6B,trec,4,55,0.3125,0.1796875,-0.1328125,30.477237525978126,40.36177840002347,9.884540874045342,0.3835743090021424,39.42781256901799,0.5503915220033377
Qwen/Qwen3-0.6B,trec,8,7,0.4375,0.21484375,-0.22265625,28.72536933099036,40.734417380037485,12.009048049047124,0.7561717900098301,39.44446757400874,0.5337780160189141
Qwen/Qwen3-0.6B,trec,8,13,0.55078125,0.203125,-0.34765625,27.3307936300007,37.02190707699992,9.691113446999225,0.69902338799875,35.92389950100187,0.3989841879993037
Qwen/Qwen3-0.6B,trec,8,21,0.5625,0.18359375,-0.37890625,26.78482485799759,38.70307621300162,11.918251355004031,0.6998946249987057,37.61349849800172,0.38968309000119916
Qwen/Qwen3-0.6B,trec,8,42,0.46875,0.17578125,-0.29296875,27.514094636000664,37.67563171499933,10.161537078998663,0.7024640529998578,36.57012782899983,0.40303983299963875
Qwen/Qwen3-0.6B,trec,8,55,0.55078125,0.1875,-0.36328125,29.011943298013648,40.74738977997913,11.735446481965482,0.7613149079843424,39.44783495599404,0.538239916000748
Qwen/Qwen3-0.6B,trec,16,7,0.5078125,0.24609375,-0.26171875,29.39851020698552,40.88025861699134,11.481748410005821,1.5047341099998448,38.85597728099674,0.5195472259947564
Qwen/Qwen3-0.6B,trec,16,13,0.55859375,0.22265625,-0.3359375,26.453767520000838,37.45592145799674,11.0021539379959,1.404331629997614,35.66393842999969,0.38765139799943427
Qwen/Qwen3-0.6B,trec,16,21,0.46875,0.2109375,-0.2578125,25.704051460998016,38.88122185999964,13.177170399001625,1.4164702899979602,37.07323706700117,0.39151450300050783
Qwen/Qwen3-0.6B,trec,16,42,0.53125,0.20703125,-0.32421875,26.810120606001874,37.90455910899982,11.094438502997946,1.430042351999873,36.077940872997715,0.39657588400223176
Qwen/Qwen3-0.6B,trec,16,55,0.53515625,0.1875,-0.34765625,30.015834846999496,41.333843936998164,11.318009089998668,1.497845670004608,39.31529745599255,0.5207008110010065
Qwen/Qwen3-0.6B,trec,32,7,0.5546875,0.28125,-0.2734375,28.147119639004814,41.87089131399989,13.723771674995078,2.9982455619901884,38.358627970010275,0.5140177819994278
Qwen/Qwen3-0.6B,trec,32,13,0.54296875,0.3046875,-0.23828125,25.39774764899994,38.57280238699968,13.175054737999744,2.755880934000743,35.4281597199988,0.3887617330001376
Qwen/Qwen3-0.6B,trec,32,21,0.640625,0.28125,-0.359375,27.277696967001248,39.24500801000613,11.967311043004884,2.8376298140028666,35.986252421000245,0.42112577500301995
Qwen/Qwen3-0.6B,trec,32,42,0.65625,0.265625,-0.390625,26.528524491997814,37.933978999997635,11.40545450799982,2.800160096001491,34.74768778499856,0.38613111899758223
Qwen/Qwen3-0.6B,trec,32,55,0.61328125,0.26171875,-0.3515625,29.591691870999057,41.28066371002933,11.688971839030273,3.0748359480057843,37.698937859007856,0.5068899030156899
Qwen/Qwen3-1.7B,sst2,1,7,0.8671875,0.80078125,-0.06640625,25.724575606989674,33.624251198983984,7.89967559199431,0.11912163399392739,32.606796496984316,0.8983330680057406
Qwen/Qwen3-1.7B,sst2,1,13,0.8984375,0.7890625,-0.109375,23.923001162998844,30.69708053100112,6.774079368002276,0.11597856899970793,29.846814101001655,0.734287860999757
Qwen/Qwen3-1.7B,sst2,1,21,0.89453125,0.7734375,-0.12109375,24.342275176997646,30.95844889899672,6.6161737219990755,0.11955924999710987,30.140010175997304,0.6988794730023073
Qwen/Qwen3-1.7B,sst2,1,42,0.8828125,0.78515625,-0.09765625,24.239091158997326,31.431619767001393,7.192528608004068,0.1140424829973199,30.619803788002173,0.6977734960019006
Qwen/Qwen3-1.7B,sst2,1,55,0.87890625,0.8046875,-0.07421875,25.769631503993878,33.40785780301667,7.63822629902279,0.12492589300381951,32.458750629011774,0.8241812810010742
Qwen/Qwen3-1.7B,sst2,2,7,0.8984375,0.80859375,-0.08984375,25.682861553010298,33.488041612989036,7.805180059978738,0.21515627499320544,32.46250757199596,0.8103777659998741
Qwen/Qwen3-1.7B,sst2,2,13,0.90234375,0.7890625,-0.11328125,24.077271955997276,31.117454095998255,7.040182140000979,0.19874166699810303,30.258203014000173,0.6605094149999786
Qwen/Qwen3-1.7B,sst2,2,21,0.90234375,0.7734375,-0.12890625,23.995779742996092,30.90751080899645,6.911731066000357,0.18555531399761094,30.053325714001403,0.6686297809974349
Qwen/Qwen3-1.7B,sst2,2,42,0.90234375,0.7890625,-0.11328125,24.335421029005374,31.178774621999764,6.84335359299439,0.21099142399907578,30.330184888000076,0.6375983100006124
Qwen/Qwen3-1.7B,sst2,2,55,0.9140625,0.796875,-0.1171875,25.72287739199237,33.59679178101942,7.87391438902705,0.21679537801537663,32.653082820004784,0.7269135829992592
Qwen/Qwen3-1.7B,sst2,4,7,0.91015625,0.8046875,-0.10546875,25.889414019999094,33.79333633798524,7.903922317986144,0.4101362410001457,32.611906558973715,0.7712935380113777
Qwen/Qwen3-1.7B,sst2,4,13,0.90625,0.78515625,-0.12109375,24.350416995999694,31.165384365995124,6.814967369995429,0.3792523629999778,30.125249547996646,0.6608824549985002
Qwen/Qwen3-1.7B,sst2,4,21,0.87890625,0.7734375,-0.10546875,24.407523485999263,30.861578131003625,6.454054645004362,0.3709152699993865,29.840131151002424,0.6505317100018146
Qwen/Qwen3-1.7B,sst2,4,42,0.89453125,0.78125,-0.11328125,24.121520145999966,31.383678093996423,7.262157947996457,0.36658063599679735,30.38318115400034,0.6339163039992854
Qwen/Qwen3-1.7B,sst2,4,55,0.91015625,0.796875,-0.11328125,25.872961629997008,34.50730530900182,8.634343679004814,0.40462162101175636,33.32054365199292,0.7821400359971449
Qwen/Qwen3-1.7B,sst2,8,7,0.92578125,0.8046875,-0.12109375,25.84462123599951,34.972593781974865,9.127972545975354,0.7997592329920735,33.36258057298255,0.8102539760002401
Qwen/Qwen3-1.7B,sst2,8,13,0.90234375,0.7890625,-0.11328125,24.251263357000425,31.7405524709975,7.489289113997074,0.7203334319965506,30.393350845002715,0.6268681939982343
Qwen/Qwen3-1.7B,sst2,8,21,0.90234375,0.7734375,-0.12890625,23.96950993599603,32.081717299002776,8.112207363006746,1.0910193429990613,30.319887560002826,0.6708103960008884
Qwen/Qwen3-1.7B,sst2,8,42,0.90234375,0.78515625,-0.1171875,24.176652530004503,31.851402261996554,7.674749731992051,0.7340176039979269,30.488011071000074,0.629373586998554
Qwen/Qwen3-1.7B,sst2,8,55,0.9296875,0.796875,-0.1328125,26.052514356997563,34.345311735989526,8.292797378991963,0.791356793983141,32.787013580003986,0.7669413620023988
Qwen/Qwen3-1.7B,sst2,16,7,0.921875,0.8125,-0.109375,26.079186240996933,35.044716989970766,8.965530748973833,1.568517156993039,32.71969569497742,0.7565041380003095
Qwen/Qwen3-1.7B,sst2,16,13,0.8984375,0.7890625,-0.109375,24.31271970400121,34.38793713699488,10.075217432993668,1.4202940789982677,32.33710714699919,0.6305359109974233
Qwen/Qwen3-1.7B,sst2,16,21,0.90234375,0.77734375,-0.125,24.119223342000623,32.38030557899401,8.261082236993389,1.4717776420002338,30.23024894399714,0.6782789929966384
Qwen/Qwen3-1.7B,sst2,16,42,0.91796875,0.78515625,-0.1328125,24.36810075199901,32.39603707399874,8.027936321999732,1.4233901520019572,30.338093005997507,0.6345539159992768
Qwen/Qwen3-1.7B,sst2,16,55,0.93359375,0.80078125,-0.1328125,25.996607655019034,35.25414952498977,9.257541869970737,1.5655894369992893,32.89095900699613,0.7976010809943546
Qwen/Qwen3-1.7B,sst2,32,7,0.9140625,0.8203125,-0.09375,26.108746479003457,36.93471426801989,10.825967789016431,3.10474418400554,33.10963524901308,0.7203348350012675
Qwen/Qwen3-1.7B,sst2,32,13,0.9140625,0.8046875,-0.109375,24.12348764500348,34.66557569000361,10.542088045000128,3.1515526760013017,30.802094671002124,0.7119283430001815
Qwen/Qwen3-1.7B,sst2,32,21,0.87890625,0.7890625,-0.08984375,24.06172868899739,33.85560322399397,9.793874534996576,2.8136467919975985,30.393537185998866,0.648419245997502
Qwen/Qwen3-1.7B,sst2,32,42,0.8828125,0.79296875,-0.08984375,24.31375603700144,34.32812873400326,10.014372697001818,2.837254202000622,30.85637826900347,0.6344962629991642
Qwen/Qwen3-1.7B,sst2,32,55,0.921875,0.83203125,-0.08984375,26.00984057900496,36.64286520000314,10.633024620998185,3.0893255939881783,32.75980780200916,0.7937318040058017
Qwen/Qwen3-1.7B,mrpc,1,7,0.6328125,0.5859375,-0.046875,25.869582929008175,33.68348989696824,7.813906967960065,0.1334618569817394,32.75163802198949,0.7983900179970078
Qwen/Qwen3-1.7B,mrpc,1,13,0.59765625,0.59375,-0.00390625,24.027090486000816,30.987189729999955,6.960099243999139,0.1232608309983334,30.178444856999704,0.6854840420019173
Qwen/Qwen3-1.7B,mrpc,1,21,0.61328125,0.58984375,-0.0234375,24.062708770001336,31.07061720999991,7.007908439998573,0.10279749600158539,30.279427650999423,0.6883920629989007
Qwen/Qwen3-1.7B,mrpc,1,42,0.62109375,0.5859375,-0.03515625,23.942666769002244,30.96983507600453,7.027168307002285,0.1368673220022174,30.141326521999872,0.6916412320024392
Qwen/Qwen3-1.7B,mrpc,1,55,0.66796875,0.58984375,-0.078125,26.00980112500838,33.559996329044225,7.550195204035845,0.13658965702052228,32.63197261100868,0.7914340610150248
Qwen/Qwen3-1.7B,mrpc,2,7,0.6796875,0.58984375,-0.08984375,26.09632636499009,33.666807930974755,7.5704815659846645,0.20642397299525328,32.71380375797162,0.7465802000078838
Qwen/Qwen3-1.7B,mrpc,2,13,0.67578125,0.58984375,-0.0859375,24.04821634700056,31.065522532000614,7.017306185000052,0.19295758500084048,30.238204104000033,0.6343608429997403
Qwen/Qwen3-1.7B,mrpc,2,21,0.66015625,0.58984375,-0.0703125,23.976750059999176,31.173707461002778,7.196957401003601,0.19782782000038424,30.343946658002096,0.6319329830002971
Qwen/Qwen3-1.7B,mrpc,2,42,0.6328125,0.59375,-0.0390625,24.007458254000085,31.13036235400068,7.122904100000596,0.2095072110023466,30.28822873899844,0.6326264039998932
Qwen/Qwen3-1.7B,mrpc,2,55,0.6171875,0.59375,-0.0234375,26.024747047020355,34.329696242988575,8.30494919596822,0.21694868899066932,33.326418362994445,0.7863291910034604
Qwen/Qwen3-1.7B,mrpc,4,7,0.59375,0.59765625,0.00390625,26.09066531001008,34.16223949100822,8.071574180998141,0.40685716801090166,32.954795183002716,0.8005871399946045
Qwen/Qwen3-1.7B,mrpc,4,13,0.63671875,0.58984375,-0.046875,23.91337023500091,31.481019927996385,7.567649692995474,0.37860367999746813,30.477109006998944,0.6253072409999731
Qwen/Qwen3-1.7B,mrpc,4,21,0.68359375,0.59375,-0.08984375,24.074997686999268,31.742895575000148,7.66789788800088,0.3704332519992022,30.74475649300075,0.6277058300001954
Qwen/Qwen3-1.7B,mrpc,4,42,0.6640625,0.59375,-0.0703125,23.944867676000285,31.577871598001366,7.63300392200108,0.3888310199981788,30.55858684100167,0.6304537370015169
Qwen/Qwen3-1.7B,mrpc,4,55,0.640625,0.5859375,-0.0546875,26.068864142987877,34.04724270798033,7.978378564992454,0.40571051399456337,32.840833916008705,0.8006982779770624
Qwen/Qwen3-1.7B,mrpc,8,7,0.71484375,0.59375,-0.12109375,25.405441884999163,34.65279168001143,9.24734979501227,0.80951272600214,33.09274229200673,0.7505366620025598
Qwen/Qwen3-1.7B,mrpc,8,13,0.68359375,0.59375,-0.08984375,24.031371269000374,31.647686655000143,7.616315385999769,0.7343292719997407,30.275700614001835,0.6376567689985677
Qwen/Qwen3-1.7B,mrpc,8,21,0.67578125,0.58203125,-0.09375,24.067680484000448,31.990296269999817,7.922615785999369,0.7184622999993735,30.622392817000218,0.6494411530002253
Qwen/Qwen3-1.7B,mrpc,8,42,0.6953125,0.59765625,-0.09765625,23.967609139999695,31.90617312899849,7.938563988998794,0.7298243590012135,30.544518517999677,0.6318302519975987
Qwen/Qwen3-1.7B,mrpc,8,55,0.6640625,0.5859375,-0.078125,25.86017667897977,34.409348501008935,8.549171822029166,0.805688549997285,32.84674664499471,0.7569133060169406
Qwen/Qwen3-1.7B,mrpc,16,7,0.703125,0.5859375,-0.1171875,21.77658320000046,35.2053242699767,13.42874106997624,1.5726980160106905,32.83035405798,0.8022721959860064
Qwen/Qwen3-1.7B,mrpc,16,13,0.61328125,0.578125,-0.03515625,14.606985227001132,32.68737618599698,18.08039095899585,1.4750312049982313,30.579273316998297,0.6330716640004539
Qwen/Qwen3-1.7B,mrpc,16,21,0.62890625,0.59375,-0.03515625,17.519586004000303,32.42673248400024,14.907146479999938,1.4282673590023478,30.358018929000536,0.640446195997356
Qwen/Qwen3-1.7B,mrpc,16,42,0.66015625,0.58984375,-0.0703125,20.30974002700168,32.47251204100394,12.162772014002257,1.4630392010003561,30.37420645700331,0.6352663830002712
Qwen/Qwen3-1.7B,mrpc,16,55,0.58984375,0.5859375,-0.00390625,21.05061618902255,35.136694613989675,14.086078424967127,1.5859579489915632,32.75955270498525,0.7911839600128587
Qwen/Qwen3-1.7B,mrpc,32,7,0.6796875,0.56640625,-0.11328125,23.11372130201198,36.55754475100548,13.443823448993498,3.0743959339743014,32.71114121802384,0.7720075990073383
Qwen/Qwen3-1.7B,mrpc,32,13,0.61328125,0.56640625,-0.046875,16.100617832998978,34.40479636500095,18.30417853200197,2.9112799750000704,30.856274740999652,0.6372416490012256
Qwen/Qwen3-1.7B,mrpc,32,21,0.66015625,0.5546875,-0.10546875,16.679034401000536,33.994047724001575,17.31501332300104,2.9045898389995273,30.451222354000492,0.6382355310015555
Qwen/Qwen3-1.7B,mrpc,32,42,0.609375,0.578125,-0.03125,16.272497943999042,33.84842984000716,17.575931896008115,2.8768031080035144,30.343419465003535,0.6282072670001071
Qwen/Qwen3-1.7B,mrpc,32,55,0.640625,0.56640625,-0.07421875,17.242934740002966,36.673406043002615,19.43047130299965,3.086526414990658,32.78528311001719,0.801596517994767
Qwen/Qwen3-1.7B,rte,1,7,0.78515625,0.81640625,0.03125,26.08168625101098,33.76971111202147,7.68802486101049,0.13562855101190507,32.8151123340067,0.8189702270028647
Qwen/Qwen3-1.7B,rte,1,13,0.78125,0.8203125,0.0390625,24.04512354399776,31.02728317900619,6.982159635008429,0.0988536560034845,30.239334525998856,0.6890949970038491
Qwen/Qwen3-1.7B,rte,1,21,0.8046875,0.8125,0.0078125,24.76404093799647,31.491631898999913,6.727590961003443,0.11764724199747434,30.65504416800104,0.7189404890013975
Qwen/Qwen3-1.7B,rte,1,42,0.828125,0.8125,-0.015625,24.571906486002263,31.295897136005806,6.723990650003543,0.15207193500100402,30.41678277400206,0.7270424270027434
Qwen/Qwen3-1.7B,rte,1,55,0.81640625,0.8203125,0.00390625,26.04962477699155,33.656255832029274,7.606631055037724,0.14179559299373068,32.72916576600983,0.785294473025715
Qwen/Qwen3-1.7B,rte,2,7,0.75390625,0.8203125,0.06640625,25.790959339996334,34.37312962097349,8.582170280977152,0.20757687397417612,33.37285114999395,0.7927015970053617
Qwen/Qwen3-1.7B,rte,2,13,0.79296875,0.81640625,0.0234375,23.714113254995027,32.894505659998686,9.180392405003658,0.18405997000081697,32.057559820997994,0.6528858689998742
Qwen/Qwen3-1.7B,rte,2,21,0.76953125,0.80859375,0.0390625,24.178650957001082,32.05937089199142,7.8807199349903385,0.23194553700159304,31.166887745996064,0.6605376089937636
Qwen/Qwen3-1.7B,rte,2,42,0.8125,0.81640625,0.00390625,24.26649207399896,31.77778706800018,7.511294994001219,0.2114510120009072,30.89989106199937,0.6664449939999031
Qwen/Qwen3-1.7B,rte,2,55,0.69921875,0.81640625,0.1171875,25.595970844005933,34.202176271006465,8.606205427000532,0.2149075850029476,33.25970352199511,0.7275651640084106
Qwen/Qwen3-1.7B,rte,4,7,0.6796875,0.81640625,0.13671875,22.28642320301151,33.914371132006636,11.627947928995127,0.412369233003119,32.702896900009364,0.799104998994153
Qwen/Qwen3-1.7B,rte,4,13,0.76171875,0.81640625,0.0546875,22.751451308999094,32.01397152800928,9.262520219010185,0.4232868450053502,30.889474176001386,0.7012105070025427
Qwen/Qwen3-1.7B,rte,4,21,0.6796875,0.8125,0.1328125,17.86392926499684,31.513381023003603,13.649451758006762,0.38989213300374104,30.44808853200084,0.675400357999024
Qwen/Qwen3-1.7B,rte,4,42,0.71875,0.80859375,0.08984375,23.632540516999143,31.698422561006737,8.065882044007594,0.4028406920042471,30.602117069000087,0.6934648000024026
Qwen/Qwen3-1.7B,rte,4,55,0.7890625,0.81640625,0.02734375,25.106645492982352,34.267578147992026,9.160932655009674,0.41048875197884627,33.05920660699485,0.7978827890183311
Qwen/Qwen3-1.7B,rte,8,7,0.7109375,0.8125,0.1015625,16.856746700999793,34.60748846401111,17.75074176301132,0.7853881719929632,33.02459463101695,0.7975056610011961
Qwen/Qwen3-1.7B,rte,8,13,0.69140625,0.8125,0.12109375,16.550601399998413,33.03566242800298,16.485061028004566,0.7457154360017739,31.641177254998183,0.6487697370030219
Qwen/Qwen3-1.7B,rte,8,21,0.734375,0.80859375,0.07421875,12.912083153998537,31.943277670005045,19.031194516006508,0.835735704000399,30.386697362999257,0.7208446030053892
Qwen/Qwen3-1.7B,rte,8,42,0.6953125,0.80859375,0.11328125,13.334607562996098,32.77645053300512,19.44184297000902,0.7302998670056695,31.353174878000573,0.6929757879988756
Qwen/Qwen3-1.7B,rte,8,55,0.73046875,0.82421875,0.09375,16.421506509010214,34.48007525599678,18.058568746986566,0.8012008059886284,32.889642624009866,0.7892318259982858
Qwen/Qwen3-1.7B,rte,16,7,0.765625,0.8125,0.046875,14.462849797011586,35.16000881197397,20.69715901496238,1.56892819199129,32.808053962973645,0.7830266570090316
Qwen/Qwen3-1.7B,rte,16,13,0.68359375,0.81640625,0.1328125,13.357980022003176,33.850558311001805,20.49257828899863,1.5512370149954222,31.63554577100149,0.663775525004894
Qwen/Qwen3-1.7B,rte,16,21,0.71484375,0.81640625,0.1015625,14.120453438001277,33.073383031005505,18.952929593004228,1.5277478740026709,30.872212769005273,0.6734223879975616
Qwen/Qwen3-1.7B,rte,16,42,0.6796875,0.81640625,0.13671875,14.34196810600406,33.120620533001784,18.778652426997724,1.477928102001897,30.983113649999723,0.6595787810001639
Qwen/Qwen3-1.7B,rte,16,55,0.7421875,0.8203125,0.078125,14.365381921990775,35.32297887300956,20.957596951018786,1.5555135650211014,33.012469499983126,0.754995808005333
Qwen/Qwen3-1.7B,rte,32,7,0.8046875,0.828125,0.0234375,17.869684073026292,36.92958343398641,19.059899360960117,3.1039988179982174,33.11204596198513,0.7135386540030595
Qwen/Qwen3-1.7B,rte,32,13,0.71875,0.82421875,0.10546875,16.589233605001937,34.98889880300703,18.399665198005096,3.0105219160031993,31.27538647199981,0.7029904150040238
Qwen/Qwen3-1.7B,rte,32,21,0.76171875,0.83203125,0.0703125,19.239613066005404,35.4212145019992,16.181601435993798,2.904298467001354,31.862450966000324,0.6544650689975242
Qwen/Qwen3-1.7B,rte,32,42,0.69921875,0.828125,0.12890625,17.618619336004485,33.85299392300658,16.234374587002094,2.837550171003386,30.363867496002058,0.6515762560011353
Qwen/Qwen3-1.7B,rte,32,55,0.78125,0.83203125,0.05078125,17.928440035990207,36.65810187897296,18.72966184298275,3.0686630249838345,32.832694039010676,0.7567448149784468
Qwen/Qwen3-1.7B,trec,1,7,0.49609375,0.453125,-0.04296875,29.65299820099608,39.423851270985324,9.770853069989244,0.12756285001523793,38.50130013198941,0.7949882889806759
Qwen/Qwen3-1.7B,trec,1,13,0.4921875,0.421875,-0.0703125,26.594236632998218,35.93868467499851,9.344448042000295,0.1690588139972533,35.01844414300285,0.7511817179984064
Qwen/Qwen3-1.7B,trec,1,21,0.484375,0.36328125,-0.12109375,26.855657224994502,36.273954719006724,9.418297494012222,0.11385039200104075,35.440714477001166,0.7193898500045179
Qwen/Qwen3-1.7B,trec,1,42,0.421875,0.3515625,-0.0703125,25.752388779001194,36.01744986799167,10.265061088990478,0.13299844099674374,35.108539383996686,0.7759120429982431
Qwen/Qwen3-1.7B,trec,1,55,0.46875,0.42578125,-0.04296875,29.827132417005487,39.88797927700216,10.060846859996673,0.12883492500986904,38.9964575599879,0.7626867920043878
Qwen/Qwen3-1.7B,trec,2,7,0.5390625,0.453125,-0.0859375,29.315668138006004,39.244073662004666,9.928405523998663,0.2150466240127571,38.22402506801882,0.805001969973091
Qwen/Qwen3-1.7B,trec,2,13,0.59765625,0.4140625,-0.18359375,26.853487872998812,36.11421925800096,9.260731385002146,0.19844441299937898,35.252658301003976,0.663116543997603
Qwen/Qwen3-1.7B,trec,2,21,0.4609375,0.35546875,-0.10546875,27.059731519999332,36.936619481006346,9.876887961007014,0.21094340000126977,36.083828182003344,0.641847899001732
Qwen/Qwen3-1.7B,trec,2,42,0.4609375,0.33203125,-0.12890625,26.205099696002435,36.33809596300853,10.132996267006092,0.2462535009981366,35.43018059400492,0.6616618680054671
Qwen/Qwen3-1.7B,trec,2,55,0.50390625,0.42578125,-0.078125,30.392558102001203,40.06754460098455,9.674986498983344,0.24375857500126585,39.03683550900314,0.7869505169801414
Qwen/Qwen3-1.7B,trec,4,7,0.5703125,0.453125,-0.1171875,29.73836897101137,39.38403657800518,9.645667606993811,0.3975737830041908,38.18833088502288,0.7981319099781103
Qwen/Qwen3-1.7B,trec,4,13,0.609375,0.4140625,-0.1953125,27.058364108001115,36.15681355299603,9.098449444994912,0.39948154800367774,35.09530333899602,0.6620286659963313
Qwen/Qwen3-1.7B,trec,4,21,0.56640625,0.35546875,-0.2109375,27.964868232003937,36.68166850500711,8.716800273003173,0.3620517919989652,35.65652839700488,0.6630883160032681
Qwen/Qwen3-1.7B,trec,4,42,0.53125,0.33203125,-0.19921875,26.414584886995726,36.405279597005574,9.990694710009848,0.47625842999696033,35.27090647600562,0.6581146910029929
Qwen/Qwen3-1.7B,trec,4,55,0.5703125,0.4296875,-0.140625,30.8880768220115,40.409748286008835,9.521671463997336,0.3873325830209069,39.23175356499269,0.7906621379952412
Qwen/Qwen3-1.7B,trec,8,7,0.57421875,0.46484375,-0.109375,28.970980244979728,39.98421696599689,11.013236721017165,0.8328832070110366,38.36268003398436,0.7886537250014953
Qwen/Qwen3-1.7B,trec,8,13,0.66796875,0.4140625,-0.25390625,27.483500982001715,36.65726542999619,9.173764447994472,0.736106842996378,35.26537444599671,0.655784141003096
Qwen/Qwen3-1.7B,trec,8,21,0.62109375,0.359375,-0.26171875,28.801065298997855,37.11772088998987,8.316655590992013,0.7352869109963649,35.75072471999738,0.6317092589961248
Qwen/Qwen3-1.7B,trec,8,42,0.625,0.3359375,-0.2890625,27.741341731998546,37.026952451997204,9.285610719998658,0.7202832370021497,35.678936984993925,0.6277322300011292
Qwen/Qwen3-1.7B,trec,8,55,0.59375,0.4296875,-0.1640625,30.947412472974975,40.90405815397389,9.956645680998918,0.7897780349885579,39.36075249998248,0.7535276190028526
Qwen/Qwen3-1.7B,trec,16,7,0.64453125,0.4453125,-0.19921875,30.001463921013055,40.91571454203222,10.914250621019164,1.5427809700195212,38.58646071999101,0.7864728520216886
Qwen/Qwen3-1.7B,trec,16,13,0.68359375,0.40625,-0.27734375,28.01283295200119,38.04338606300735,10.030553111006157,1.4428805600036867,35.91273070400348,0.6877747990001808
Qwen/Qwen3-1.7B,trec,16,21,0.62890625,0.35546875,-0.2734375,30.123711082000227,37.92064157499408,7.796930492993852,1.7797061759993085,35.46920391199819,0.6717314869965776
Qwen/Qwen3-1.7B,trec,16,42,0.61328125,0.34765625,-0.265625,28.284806889998436,36.95800286899612,8.673195978997683,1.4173262019976391,34.90371916499862,0.6369575019998592
Qwen/Qwen3-1.7B,trec,16,55,0.67578125,0.4140625,-0.26171875,31.065721168997698,41.56113821800682,10.49541704900912,1.5458920289820526,39.22691949401633,0.7883266950084362
Qwen/Qwen3-1.7B,trec,32,7,0.63671875,0.4375,-0.19921875,30.164089861995308,42.49084433197277,12.326754469977459,3.099543382995762,38.67095254099695,0.7203484079800546
Qwen/Qwen3-1.7B,trec,32,13,0.67578125,0.40625,-0.26953125,27.901504011002544,38.65476686700276,10.75326285600022,2.8633696699980646,35.13706791000004,0.6543292870046571
Qwen/Qwen3-1.7B,trec,32,21,0.671875,0.36328125,-0.30859375,28.51901714500127,39.12095746600971,10.601940321008442,2.9106936670068535,35.551541294000344,0.6587225050025154
Qwen/Qwen3-1.7B,trec,32,42,0.64453125,0.34765625,-0.296875,28.683200535997457,38.724817401998735,10.041616866001277,2.800750259004417,35.3037528079949,0.6203143349994207
Qwen/Qwen3-1.7B,trec,32,55,0.69140625,0.41015625,-0.28125,31.01685429000645,42.536702521989355,11.519848231982905,3.0782937580079306,38.67686954300734,0.7815392209740821
Qwen/Qwen3-4B,sst2,1,7,0.94140625,0.9375,-0.00390625,32.909008710004855,50.72300768099376,17.813998970988905,0.16934821201721206,49.12382895799237,1.429830510984175
Qwen/Qwen3-4B,sst2,1,13,0.93359375,0.91015625,-0.0234375,30.81600466999953,45.23794106798596,14.421936397986428,0.16441354799462715,43.959118868995574,1.114408650995756
Qwen/Qwen3-4B,sst2,1,21,0.90625,0.90234375,-0.00390625,30.74447491299361,45.39008286300668,14.645607950013073,0.19971846200496657,43.90561692600022,1.2847474750014953
Qwen/Qwen3-4B,sst2,1,42,0.9140625,0.921875,0.0078125,30.76142060100392,45.263713880995056,14.502293279991136,0.16451856800267706,44.00761807499657,1.091577237995807
Qwen/Qwen3-4B,sst2,1,55,0.9375,0.9296875,-0.0078125,32.98990047600819,50.276000074023614,17.286099598015426,0.18197665602201596,48.84488598999451,1.2491374280070886
Qwen/Qwen3-4B,sst2,2,7,0.94140625,0.9375,-0.00390625,32.81852534800419,50.605341465969104,17.786816117964918,0.2869417309993878,49.16242534498451,1.1559743899852037
Qwen/Qwen3-4B,sst2,2,13,0.91796875,0.91015625,-0.0078125,30.57456116299727,45.12987883899768,14.555317676000413,0.2569140249979682,43.88121510000201,0.9917497139977058
Qwen/Qwen3-4B,sst2,2,21,0.9140625,0.8984375,-0.015625,30.529144387997803,45.38885189899884,14.859707511001034,0.29985241400572704,44.0460857539947,1.0429137309984071
Qwen/Qwen3-4B,sst2,2,42,0.91796875,0.92578125,0.0078125,30.68732165599795,45.088922092996654,14.401600436998706,0.2647119110042695,43.81758867499593,1.0066215069964528
Qwen/Qwen3-4B,sst2,2,55,0.9453125,0.9296875,-0.015625,32.94196481601102,50.60273569103447,17.660770875023445,0.2842076040105894,49.09580091302632,1.222727173997555
Qwen/Qwen3-4B,sst2,4,7,0.94140625,0.9375,-0.00390625,33.102587825007504,51.141213280003285,18.03862545499578,0.5350614410126582,49.405423874006374,1.200727964984253
Qwen/Qwen3-4B,sst2,4,13,0.91015625,0.91015625,0.0,30.59118517400202,45.650551856000675,15.059366681998654,0.5117599650038755,44.109490978000395,1.0293009129964048
Qwen/Qwen3-4B,sst2,4,21,0.91015625,0.89453125,-0.015625,30.493434937998245,45.64551697100978,15.152082033011538,0.4808297680065152,44.16265376500087,1.0020334380023996
Qwen/Qwen3-4B,sst2,4,42,0.921875,0.92578125,0.00390625,30.683039711002493,45.803330350005126,15.120290639002633,0.6092919030052144,44.149963005002064,1.0440754419978475
Qwen/Qwen3-4B,sst2,4,55,0.94140625,0.93359375,-0.0078125,33.16694653799641,51.342438898951514,18.175492360955104,0.5387978369835764,49.52308414698928,1.2805569149786606
Qwen/Qwen3-4B,sst2,8,7,0.93359375,0.9375,0.00390625,33.25132387800841,51.49987511799554,18.248551239987137,1.0431446970032994,49.24440552201122,1.2123248989810236
Qwen/Qwen3-4B,sst2,8,13,0.92578125,0.9140625,-0.01171875,30.939760252003907,46.52585864201683,15.586098390012921,0.9421446050037048,44.5858414240065,0.9978726130066207
Qwen/Qwen3-4B,sst2,8,21,0.91015625,0.90234375,-0.0078125,30.698959401997854,46.51359971300553,15.814640311007679,0.9385184660059167,44.566357158000756,1.0087240889988607
Qwen/Qwen3-4B,sst2,8,42,0.92578125,0.92578125,0.0,30.503571105997253,46.495118578000984,15.991547472003731,1.0030892889990355,44.4684964650005,1.0235328240014496
Qwen/Qwen3-4B,sst2,8,55,0.9375,0.9296875,-0.0078125,33.072094943985576,51.6598512759665,18.587756331980927,1.0143600719748065,49.43561770999804,1.2098734939936548
Qwen/Qwen3-4B,sst2,16,7,0.9296875,0.9453125,0.015625,33.37812988998485,53.56655437097652,20.18842448099167,2.021845018985914,50.39942870900268,1.1452806429879274
Qwen/Qwen3-4B,sst2,16,13,0.92578125,0.91796875,-0.0078125,30.801605034001113,47.98567659400578,17.184071560004668,1.829075321998971,45.16158842400182,0.9950128480049898
Qwen/Qwen3-4B,sst2,16,21,0.91015625,0.90234375,-0.0078125,30.921654079997097,48.60588901700248,17.684234937005385,1.8977530589982052,45.66688315600186,1.0412528020024183
Qwen/Qwen3-4B,sst2,16,42,0.92578125,0.9296875,0.00390625,30.68364983599895,48.24668750699493,17.563037670995982,1.827921336000145,45.41720916199847,1.0015570089963148
Qwen/Qwen3-4B,sst2,16,55,0.9453125,0.9375,-0.0078125,33.25859922598465,53.268696622981224,20.01009739699657,2.013541088992497,50.042843403993174,1.2123121299955528
Qwen/Qwen3-4B,sst2,32,7,0.94921875,0.9453125,-0.00390625,33.58019347599475,57.29792948300019,23.717736007005442,4.012418821977917,52.042935811012285,1.2425748500099871
Qwen/Qwen3-4B,sst2,32,13,0.92578125,0.91796875,-0.0078125,31.52307719100645,51.83763757599809,20.314560384991637,3.686991225993552,47.098569667003176,1.05207668300136
Qwen/Qwen3-4B,sst2,32,21,0.91015625,0.90234375,-0.0078125,31.78770060500392,51.57357905499521,19.785878449991287,3.6959516319984687,46.86225134599954,1.0153760769971996
Qwen/Qwen3-4B,sst2,32,42,0.92578125,0.92578125,0.0,31.740224875997228,51.627920437989815,19.887695561992587,3.6757428999990225,46.94705477699608,1.005122760994709
Qwen/Qwen3-4B,sst2,32,55,0.9453125,0.9375,-0.0078125,33.291313355002785,57.486615404020995,24.19530204901821,3.9620783450081944,52.27423226000974,1.250304799003061
Qwen/Qwen3-4B,mrpc,1,7,0.73828125,0.75,0.01171875,33.22814824100351,53.924377960996935,20.696229719993426,0.16566937399329618,52.36473316399497,1.3939754230086692
Qwen/Qwen3-4B,mrpc,1,13,0.7421875,0.74609375,0.00390625,30.05375280899898,48.19670503600355,18.14295222700457,0.14139405899913982,46.97566707600345,1.0796439010009635
Qwen/Qwen3-4B,mrpc,1,21,0.6953125,0.7265625,0.03125,29.778336591996776,48.52696894100518,18.748632349008403,0.14094531700538937,47.15233365200402,1.2336899719957728
Qwen/Qwen3-4B,mrpc,1,42,0.7734375,0.75,-0.0234375,30.084627947995614,49.40929733200028,19.324669384004665,0.17842259899771307,48.11856387399894,1.1123108590036281
Qwen/Qwen3-4B,mrpc,1,55,0.71484375,0.74609375,0.03125,33.23891698100488,53.71076939700288,20.471852415998,0.1544128250097856,52.11113090100116,1.445225670991931
Qwen/Qwen3-4B,mrpc,2,7,0.734375,0.75390625,0.01953125,33.05518152299919,54.73541173199192,21.680230208992725,0.29383658900042064,53.18330855300883,1.258266589982668
Qwen/Qwen3-4B,mrpc,2,13,0.71875,0.74609375,0.02734375,29.974181814002804,48.50979901900428,18.535617205001472,0.25027704700187314,47.25532404999831,1.0041979220040957
Qwen/Qwen3-4B,mrpc,2,21,0.73046875,0.73046875,0.0,30.02267340799881,48.683577973002684,18.660904565003875,0.29131567900185473,47.37792838799942,1.0143339060014114
Qwen/Qwen3-4B,mrpc,2,42,0.765625,0.75,-0.015625,30.028848729001766,48.55928040400613,18.530431675004365,0.2630998520035064,47.23175144800189,1.0644291040007374
Qwen/Qwen3-4B,mrpc,2,55,0.7265625,0.74609375,0.01953125,33.325375115993666,53.94305806601187,20.617682950018207,0.30137401501997374,52.407823319983436,1.2338607310084626
Qwen/Qwen3-4B,mrpc,4,7,0.7421875,0.75,0.0078125,33.279783264995785,54.197156474983785,20.917373209988,0.5422452779894229,52.43135569500737,1.2235555019869935
Qwen/Qwen3-4B,mrpc,4,13,0.7265625,0.75,0.0234375,30.048781477002194,48.65794485999504,18.609163382992847,0.48230254499503644,47.16870499200013,1.0069373229998746
Qwen/Qwen3-4B,mrpc,4,21,0.73046875,0.73046875,0.0,30.037289990003046,48.702869489003206,18.66557949900016,0.487983985003666,47.225590690999525,0.989294813000015
Qwen/Qwen3-4B,mrpc,4,42,0.72265625,0.75,0.02734375,30.27690015400003,48.903775865997886,18.626875711997855,0.4877233259976492,47.41685488799703,0.999197652003204
Qwen/Qwen3-4B,mrpc,4,55,0.69140625,0.74609375,0.0546875,33.503813398012426,54.212859335995745,20.70904593798332,0.5315600989852101,52.44488239599741,1.2364168410131242
Qwen/Qwen3-4B,mrpc,8,7,0.75,0.75,0.0,33.37976166800945,55.12731572901248,21.74755406100303,1.0405746749893297,52.79410322100739,1.2926378330157604
Qwen/Qwen3-4B,mrpc,8,13,0.72265625,0.75,0.02734375,30.399193532000936,49.58980786699976,19.190614334998827,0.9613983960007317,47.608099090000906,1.0203103809981258
Qwen/Qwen3-4B,mrpc,8,21,0.703125,0.734375,0.03125,30.93883704500331,49.362300014996435,18.423462969993125,0.9566769279990694,47.38158471699717,1.0240383700001985
Qwen/Qwen3-4B,mrpc,8,42,0.7109375,0.74609375,0.03515625,30.310648900995147,49.58485055700294,19.27420165600779,0.9304463919979753,47.659983602003194,0.9944205630017677
Qwen/Qwen3-4B,mrpc,8,55,0.703125,0.74609375,0.04296875,33.43745804199716,54.79471058896161,21.357252546964446,1.0204359219933394,52.51925732399104,1.2550173429772258
Qwen/Qwen3-4B,mrpc,16,7,0.73046875,0.75,0.01953125,35.49278899998171,55.708572960982565,20.215783961000852,1.9983295430138241,52.36609017898445,1.3441532389842905
Qwen/Qwen3-4B,mrpc,16,13,0.73046875,0.75,0.01953125,33.10421623800357,50.564345996994234,17.46012975899066,2.1707742029975634,47.331472229998326,1.0620995639983448
Qwen/Qwen3-4B,mrpc,16,21,0.71875,0.73046875,0.01171875,38.23387801699573,50.34643090899772,12.112552892001986,1.8801523400034057,47.46200258299359,1.0042759860007209
Qwen/Qwen3-4B,mrpc,16,42,0.6953125,0.75390625,0.05859375,33.035655100997246,50.358762854993984,17.323107753996737,1.9150605350005208,47.38904461999482,1.0546576999986428
Qwen/Qwen3-4B,mrpc,16,55,0.6875,0.7421875,0.0546875,36.15877532499144,55.95462116698036,19.79584584198892,2.0317249819927383,52.65460564600653,1.2682905389810912
Qwen/Qwen3-4B,mrpc,32,7,0.72265625,0.7421875,0.01953125,43.53407761501148,57.844243175990414,14.31016556097893,4.004751779983053,52.66507956798887,1.174411828018492
Qwen/Qwen3-4B,mrpc,32,13,0.71484375,0.75,0.03515625,41.743073919999006,52.039545440995425,10.29647152099642,3.662396678002551,47.383688311994774,0.9934604509981
Qwen/Qwen3-4B,mrpc,32,21,0.67578125,0.7265625,0.05078125,44.65652245900128,53.075147040006414,8.418624581005133,4.444557163005811,47.58175649699842,1.0488333800021792
Qwen/Qwen3-4B,mrpc,32,42,0.671875,0.7421875,0.0703125,41.26556522899773,52.32712217700464,11.06155694800691,3.7358104410013766,47.575980432004144,1.015331303999119
Qwen/Qwen3-4B,mrpc,32,55,0.703125,0.7421875,0.0390625,47.37831069200183,57.971879822027404,10.593569130025571,3.9744326590152923,52.698910892009735,1.2985362710023765
Qwen/Qwen3-4B,rte,1,7,0.82421875,0.80078125,-0.0234375,33.19131374399876,53.949777930014534,20.75846418601577,0.16102344400133006,52.44120505201863,1.3475494339945726
Qwen/Qwen3-4B,rte,1,13,0.84375,0.796875,-0.046875,30.64105450299394,48.474242887008586,17.833188384014647,0.1347325169990654,47.11360435100505,1.2259060190044693
Qwen/Qwen3-4B,rte,1,21,0.84765625,0.80859375,-0.0390625,29.892397695999534,48.64765083400562,18.755253138006083,0.1617732340018847,47.37869283100008,1.107184769003652
Qwen/Qwen3-4B,rte,1,42,0.86328125,0.80859375,-0.0546875,29.964802495000185,48.792704415995104,18.82790192099492,0.14764017800189322,47.43270425199444,1.2123599859987735
Qwen/Qwen3-4B,rte,1,55,0.83984375,0.80859375,-0.03125,33.21390824302216,53.52306685998337,20.309158616961213,0.18108039000071585,52.0585592899879,1.28342717999476
Qwen/Qwen3-4B,rte,2,7,0.82421875,0.8046875,-0.01953125,33.35350063099759,53.536082590027945,20.182581959030358,0.262806790007744,52.11794914701022,1.155326653009979
Qwen/Qwen3-4B,rte,2,13,0.82421875,0.80078125,-0.0234375,30.340970946999732,48.376308554994466,18.035337607994734,0.24628021600074135,47.12245218899625,1.007576149997476
Qwen/Qwen3-4B,rte,2,21,0.83203125,0.80859375,-0.0234375,30.065543709999474,48.41402678099985,18.348483071000373,0.24982279099640436,47.16395489699789,1.00024909300555
Qwen/Qwen3-4B,rte,2,42,0.83984375,0.8046875,-0.03515625,30.168625824000628,48.97546932601108,18.80684350201045,0.30388302400388056,47.63597565800592,1.0356106440012809
Qwen/Qwen3-4B,rte,2,55,0.83984375,0.80859375,-0.03125,33.174189685989404,53.83672182701412,20.662532141024712,0.2807480030169245,52.36487437700271,1.1910994469944853
Qwen/Qwen3-4B,rte,4,7,0.8359375,0.80859375,-0.02734375,33.246746901015285,54.05569047399331,20.808943572978023,0.6306905749952421,52.16540992498631,1.2595899740117602
Qwen/Qwen3-4B,rte,4,13,0.828125,0.796875,-0.03125,30.265967580002325,48.68808298899239,18.422115408990066,0.5243646449962398,47.12317627699667,1.0405420669994783
Qwen/Qwen3-4B,rte,4,21,0.80859375,0.80859375,0.0,30.649486719004926,48.45913673500763,17.809650016002706,0.4838795210016542,46.973208556002646,1.002048658003332
Qwen/Qwen3-4B,rte,4,42,0.828125,0.8046875,-0.0234375,30.40472905599745,49.08747270199092,18.68274364599347,0.5264265509977122,47.55727475199819,1.0037713989950134
Qwen/Qwen3-4B,rte,4,55,0.8515625,0.80859375,-0.04296875,33.199818314024014,54.26981619899743,21.069997884973418,0.5416412019985728,52.51620076800464,1.2119742289942224
Qwen/Qwen3-4B,rte,8,7,0.83984375,0.80859375,-0.03125,33.36320981697645,54.90770553800394,21.544495721027488,1.0488007579988334,52.633440328994766,1.225464451010339
Qwen/Qwen3-4B,rte,8,13,0.8046875,0.80859375,0.00390625,30.949628716996813,49.502819574998284,18.55319085800147,0.9484515299991472,47.54480526599946,1.0095627789996797
Qwen/Qwen3-4B,rte,8,21,0.84375,0.8125,-0.03125,32.55725725599768,49.58442567700695,17.027168421009264,0.9468087170025683,47.61182414599898,1.0257928140053991
Qwen/Qwen3-4B,rte,8,42,0.8203125,0.81640625,-0.00390625,33.31206391299929,49.415071795003314,16.10300788200402,0.9522980350011494,47.472862092996365,0.9899116670057992
Qwen/Qwen3-4B,rte,8,55,0.84375,0.8125,-0.03125,34.53424098098185,54.61306951302686,20.07882853204501,1.0497162899991963,52.41987964900909,1.1434735740185715
Qwen/Qwen3-4B,rte,16,7,0.8203125,0.8125,-0.0078125,38.960175131011056,55.848674172040774,16.888499041029718,2.0333170760131907,52.62546802201541,1.1898890740121715
Qwen/Qwen3-4B,rte,16,13,0.81640625,0.80859375,-0.0078125,37.52341127899854,50.242944780999096,12.719533502000559,1.8726819090006757,47.360603248998814,1.0096596229996067
Qwen/Qwen3-4B,rte,16,21,0.82421875,0.8125,-0.01171875,36.35498276299768,50.29543313999602,13.940450376998342,1.8659193549974589,47.41784868799732,1.0116650970012415
Qwen/Qwen3-4B,rte,16,42,0.796875,0.80859375,0.01171875,37.53322887000104,50.28814493898972,12.754916068988678,1.8669274799976847,47.37403544399422,1.0471820149978157
Qwen/Qwen3-4B,rte,16,55,0.8203125,0.81640625,-0.00390625,38.885296029999154,55.83425866201287,16.948962632013718,2.0260252979933284,52.61231174701243,1.1959216170071159
Qwen/Qwen3-4B,rte,32,7,0.85546875,0.83203125,-0.0234375,48.6655450410035,58.00636139002745,9.340816349023953,3.983239542983938,52.78779885201948,1.2353229950240348
Qwen/Qwen3-4B,rte,32,13,0.80859375,0.81640625,0.0078125,46.24129091100622,52.5721379089955,6.330846997989283,3.9061299140012125,47.62273423699662,1.0432737579976674
Qwen/Qwen3-4B,rte,32,21,0.83984375,0.82421875,-0.015625,47.527155743999174,52.1666241990024,4.639468455003225,3.654934496997157,47.514882708004734,0.996806994000508
Qwen/Qwen3-4B,rte,32,42,0.80859375,0.8203125,0.01171875,45.69529047100514,52.154399762010144,6.4591092910050065,3.6881027280032868,47.460135528002866,1.0061615060039912
Qwen/Qwen3-4B,rte,32,55,0.83984375,0.828125,-0.01171875,48.23887785500847,58.07690118899336,9.838023333984893,4.005790463997982,52.877856310020434,1.1932544149749447
Qwen/Qwen3-4B,trec,1,7,0.625,0.49609375,-0.12890625,40.97672094099107,60.88093959202524,19.90421865103417,0.15945236300467514,59.49715128701064,1.2243359420099296
Qwen/Qwen3-4B,trec,1,13,0.6171875,0.5078125,-0.109375,35.55544578500121,54.78966499000671,19.234219205005502,0.1382056639995426,53.55797282900312,1.0934864970040508
Qwen/Qwen3-4B,trec,1,21,0.58203125,0.47265625,-0.109375,36.76875345000008,55.68447560899949,18.915722158999415,0.15891391500190366,54.44006456599891,1.0854971279986785
Qwen/Qwen3-4B,trec,1,42,0.5703125,0.46484375,-0.10546875,37.78698384600284,55.362263528993935,17.575279682991095,0.1555320049956208,54.13284715900227,1.0738843649960472
Qwen/Qwen3-4B,trec,1,55,0.58984375,0.5078125,-0.08203125,40.48283706099028,62.29795272802585,21.81511566703557,0.16310008501750417,60.99113625098835,1.1437163920199964
Qwen/Qwen3-4B,trec,2,7,0.6171875,0.49609375,-0.12109375,38.06134124498931,61.30275940502179,23.24141816003248,0.2672820540028624,59.788304772024276,1.2471725789946504
Qwen/Qwen3-4B,trec,2,13,0.65234375,0.5078125,-0.14453125,35.441794065001886,53.971088417994906,18.52929435299302,0.2536756929985131,52.6948512309973,1.022561493999092
Qwen/Qwen3-4B,trec,2,21,0.5625,0.47265625,-0.08984375,35.438554066000506,55.92970766999497,20.491153603994462,0.24343836099433247,54.691807634000725,0.9944616749999113
Qwen/Qwen3-4B,trec,2,42,0.5703125,0.46484375,-0.10546875,35.38608550700155,54.86573490600131,19.479649398999754,0.3007416070031468,53.55397940999683,1.0110138890013332
Qwen/Qwen3-4B,trec,2,55,0.60546875,0.5,-0.10546875,40.185595126997214,61.81258343602531,21.626988309028093,0.26960979800787754,60.34926792400074,1.1937057140166871
Qwen/Qwen3-4B,trec,4,7,0.64453125,0.51171875,-0.1328125,37.98307018799824,61.431191112991655,23.448120924993418,0.5134889619948808,59.7018905460136,1.2158116049831733
Qwen/Qwen3-4B,trec,4,13,0.6796875,0.515625,-0.1640625,34.720340485000634,54.8376639220005,20.117323436999868,0.6327410119993147,53.181062914001814,1.0238599959993735
Qwen/Qwen3-4B,trec,4,21,0.66015625,0.46875,-0.19140625,35.18847659900348,56.64202600599674,21.45354940699326,0.5266248139960226,54.94526236299862,1.1701388290020986
Qwen/Qwen3-4B,trec,4,42,0.66796875,0.453125,-0.21484375,35.5541482089975,56.05624295499729,20.502094745999784,0.5010102880041813,54.49552449699695,1.0597081699961564
Qwen/Qwen3-4B,trec,4,55,0.6171875,0.51171875,-0.10546875,39.57395932098734,62.21936958900187,22.64541026801453,0.5045961249852553,60.529462178004906,1.1853112860117108
Qwen/Qwen3-4B,trec,8,7,0.72265625,0.5,-0.22265625,38.574490889004664,62.57882833600161,24.004337446996942,1.0443830389995128,60.298615322011756,1.235829974990338
Qwen/Qwen3-4B,trec,8,13,0.7265625,0.515625,-0.2109375,34.31995235400245,55.85354859700601,21.533596243003558,0.941596312004549,53.89476337900123,1.0171889060002286
Qwen/Qwen3-4B,trec,8,21,0.7265625,0.4609375,-0.265625,35.17569959899993,57.068210238991014,21.892510639991087,0.930565229995409,55.12846047799394,1.0091845310016652
Qwen/Qwen3-4B,trec,8,42,0.63671875,0.453125,-0.18359375,35.746533532001195,56.233827228992595,20.4872936969914,0.935161089997564,54.29024213699449,1.0084240020005382
Qwen/Qwen3-4B,trec,8,55,0.671875,0.51171875,-0.16015625,39.17684410401853,63.30408546095714,24.12724135693861,1.0117930329870433,61.100731107988395,1.1915613199817017
Qwen/Qwen3-4B,trec,16,7,0.734375,0.515625,-0.21875,38.51987278400338,62.98529927598429,24.465426491980907,2.028070872009266,59.6955373469973,1.2616910569777247
Qwen/Qwen3-4B,trec,16,13,0.75390625,0.52734375,-0.2265625,34.41973272299947,56.55277715699776,22.133044433998293,1.974079822000931,53.492974193999544,1.0857231409972883
Qwen/Qwen3-4B,trec,16,21,0.6953125,0.48046875,-0.21484375,34.98398037900188,58.1511797849962,23.167199405994324,1.9522134250000818,55.13838024099823,1.0605861189978896
Qwen/Qwen3-4B,trec,16,42,0.6875,0.484375,-0.203125,34.882787189002556,57.06535820099816,22.182571011995606,1.8793376020039432,54.12790975799726,1.0581108409969602
Qwen/Qwen3-4B,trec,16,55,0.7265625,0.515625,-0.2109375,39.135015723994,64.04911300400272,24.91409728000872,2.0091166739875916,60.88799656802439,1.1519997619907372
Qwen/Qwen3-4B,trec,32,7,0.73828125,0.58203125,-0.15625,38.80112997398828,64.72328938698047,25.922159412992187,3.9989008309785277,59.57564836498932,1.148740191012621
Qwen/Qwen3-4B,trec,32,13,0.75390625,0.5625,-0.19140625,35.07247187699977,59.03812942500372,23.965657548003946,3.7095775729976594,54.324521763999655,1.0040300880064024
Qwen/Qwen3-4B,trec,32,21,0.75,0.515625,-0.234375,35.88648506900063,59.13797326700296,23.251488198002335,3.652848069999891,54.485735643000226,0.9993895540028461
Qwen/Qwen3-4B,trec,32,42,0.7109375,0.5078125,-0.203125,35.424987407001026,58.992720164002094,23.567732757001068,3.6582524760015076,54.3382934379988,0.9961742500017863
Qwen/Qwen3-4B,trec,32,55,0.796875,0.51953125,-0.27734375,38.72222378701554,64.25801368796965,25.535789900954114,4.006773050001357,59.09254361697822,1.1586970209900755
