method,model_id,task,budget,n,accuracy_mean,accuracy_std,accuracy_min,accuracy_max,parser_success_min,parser_success_mean,runtime_sec_mean,runtime_sec_sum
ICL,Qwen/Qwen3-0.6B,mrpc,0,5,0.5,0.0,0.5,0.5,1.0,1.0,29.87496111639557,149.37480558197785
ICL,Qwen/Qwen3-0.6B,mrpc,1,5,0.55390625,0.06711478623410791,0.5,0.6328125,1.0,1.0,24.277408395204837,121.3870419760242
ICL,Qwen/Qwen3-0.6B,mrpc,16,5,0.634375,0.06947197262543184,0.51953125,0.6796875,1.0,1.0,24.397671663796064,121.98835831898032
ICL,Qwen/Qwen3-0.6B,mrpc,2,5,0.60703125,0.070453417816535,0.53125,0.69921875,1.0,1.0,24.2660997733954,121.330498866977
ICL,Qwen/Qwen3-0.6B,mrpc,32,5,0.6734375,0.019255871162290997,0.65234375,0.703125,1.0,1.0,22.926227391201973,114.63113695600987
ICL,Qwen/Qwen3-0.6B,mrpc,4,5,0.5609375,0.04651554889563811,0.51171875,0.62890625,1.0,1.0,24.302626991400757,121.51313495700379
ICL,Qwen/Qwen3-0.6B,mrpc,8,5,0.6359375,0.03910154298825687,0.57421875,0.66796875,1.0,1.0,24.242767499602632,121.21383749801316
LoRA,Qwen/Qwen3-0.6B,mrpc,1,5,0.5,0.0,0.5,0.5,1.0,1.0,38.445209932798754,192.22604966399376
LoRA,Qwen/Qwen3-0.6B,mrpc,16,5,0.5,0.0,0.5,0.5,1.0,1.0,40.16830866219898,200.8415433109949
LoRA,Qwen/Qwen3-0.6B,mrpc,2,5,0.5,0.0,0.5,0.5,1.0,1.0,38.641709717790945,193.20854858895473
LoRA,Qwen/Qwen3-0.6B,mrpc,32,5,0.58671875,0.01941370881217059,0.55859375,0.609375,1.0,1.0,41.70679834679686,208.5339917339843
LoRA,Qwen/Qwen3-0.6B,mrpc,4,5,0.5,0.0,0.5,0.5,1.0,1.0,38.92631663720677,194.63158318603382
LoRA,Qwen/Qwen3-0.6B,mrpc,8,5,0.5,0.0,0.5,0.5,1.0,1.0,39.90202126501244,199.51010632506222
ICL,Qwen/Qwen3-0.6B,rte,0,5,0.58359375,0.002139541240254555,0.58203125,0.5859375,1.0,1.0,29.906275115195605,149.53137557597802
ICL,Qwen/Qwen3-0.6B,rte,1,5,0.71796875,0.021993262906655073,0.6796875,0.73046875,1.0,1.0,28.227654681998683,141.13827340999342
ICL,Qwen/Qwen3-0.6B,rte,16,5,0.69609375,0.05214514561239138,0.6171875,0.7578125,1.0,1.0,27.50173925659765,137.50869628298824
ICL,Qwen/Qwen3-0.6B,rte,2,5,0.690625,0.06896495161153417,0.60546875,0.765625,1.0,1.0,27.52424137739654,137.6212068869827
ICL,Qwen/Qwen3-0.6B,rte,32,5,0.6515625,0.02366426754822025,0.625,0.67578125,1.0,1.0,27.707600317797187,138.53800158898594
ICL,Qwen/Qwen3-0.6B,rte,4,5,0.64453125,0.11243623409862699,0.51171875,0.765625,1.0,1.0,28.60989562500181,143.04947812500905
ICL,Qwen/Qwen3-0.6B,rte,8,5,0.709375,0.06830913332280318,0.640625,0.78515625,1.0,1.0,27.427909228803763,137.13954614401882
LoRA,Qwen/Qwen3-0.6B,rte,1,5,0.59609375,0.004453810254293508,0.58984375,0.6015625,1.0,1.0,38.93302363760231,194.66511818801155
LoRA,Qwen/Qwen3-0.6B,rte,16,5,0.63828125,0.004453810254293508,0.6328125,0.64453125,1.0,1.0,40.098846699801655,200.49423349900826
LoRA,Qwen/Qwen3-0.6B,rte,2,5,0.59453125,0.0032682032286487327,0.58984375,0.59765625,1.0,1.0,39.293530693402865,196.46765346701432
LoRA,Qwen/Qwen3-0.6B,rte,32,5,0.71484375,0.0078125,0.703125,0.72265625,1.0,1.0,42.25076314260441,211.25381571302205
LoRA,Qwen/Qwen3-0.6B,rte,4,5,0.59375,0.004784159653873394,0.58984375,0.6015625,1.0,1.0,38.929080797192725,194.64540398596364
LoRA,Qwen/Qwen3-0.6B,rte,8,5,0.6,0.0034938562148434213,0.59765625,0.60546875,1.0,1.0,39.52012186539723,197.60060932698616
ICL,Qwen/Qwen3-0.6B,sst2,0,5,0.690625,0.049978633129881114,0.65234375,0.765625,1.0,1.0,24.449378402800356,122.24689201400179
ICL,Qwen/Qwen3-0.6B,sst2,1,5,0.69140625,0.08500021541792556,0.59765625,0.828125,1.0,1.0,24.291050298798655,121.45525149399327
ICL,Qwen/Qwen3-0.6B,sst2,16,5,0.85625,0.030181943393877902,0.82421875,0.90625,1.0,1.0,24.762187503003226,123.81093751501612
ICL,Qwen/Qwen3-0.6B,sst2,2,5,0.75703125,0.08232833109909675,0.671875,0.8828125,1.0,1.0,24.225539478995778,121.1276973949789
ICL,Qwen/Qwen3-0.6B,sst2,32,5,0.86640625,0.03154160818466617,0.83203125,0.91015625,1.0,1.0,24.66214525360265,123.31072626801324
ICL,Qwen/Qwen3-0.6B,sst2,4,5,0.78671875,0.05367363761661771,0.70703125,0.83984375,1.0,1.0,24.42125389980065,122.10626949900325
ICL,Qwen/Qwen3-0.6B,sst2,8,5,0.80859375,0.03847210078826603,0.7421875,0.83984375,1.0,1.0,24.50111339300056,122.5055669650028
LoRA,Qwen/Qwen3-0.6B,sst2,1,5,0.734375,0.015378921628929319,0.71484375,0.75,1.0,1.0,32.04362725920655,160.21813629603275
LoRA,Qwen/Qwen3-0.6B,sst2,16,5,0.78671875,0.009407495764681481,0.7734375,0.796875,1.0,1.0,33.889425028597906,169.44712514298953
LoRA,Qwen/Qwen3-0.6B,sst2,2,5,0.74453125,0.016247370580535485,0.73046875,0.765625,1.0,1.0,32.29459608059551,161.47298040297756
LoRA,Qwen/Qwen3-0.6B,sst2,32,5,0.83984375,0.030757843257858637,0.80859375,0.87890625,1.0,1.0,35.97042041079694,179.8521020539847
LoRA,Qwen/Qwen3-0.6B,sst2,4,5,0.74453125,0.017160845809756874,0.72265625,0.765625,1.0,1.0,32.5767835919949,162.8839179599745
LoRA,Qwen/Qwen3-0.6B,sst2,8,5,0.75546875,0.012536567606157198,0.7421875,0.7734375,1.0,1.0,33.2995923602095,166.4979618010475
ICL,Qwen/Qwen3-0.6B,trec,0,5,0.1859375,0.012228496751951975,0.17578125,0.19921875,1.0,1.0,29.496673001399177,147.48336500699588
ICL,Qwen/Qwen3-0.6B,trec,1,5,0.31015625,0.04976445985684713,0.24609375,0.359375,1.0,1.0,28.191392669403285,140.95696334701643
ICL,Qwen/Qwen3-0.6B,trec,16,5,0.5203125,0.03398661989711907,0.46875,0.55859375,1.0,1.0,27.676456928197148,138.38228464098574
ICL,Qwen/Qwen3-0.6B,trec,2,5,0.36640625,0.061664335189597234,0.28125,0.44921875,1.0,1.0,27.578923963203124,137.89461981601562
ICL,Qwen/Qwen3-0.6B,trec,32,5,0.6015625,0.050706074163074884,0.54296875,0.65625,1.0,1.0,27.388556123600573,136.94278061800287
ICL,Qwen/Qwen3-0.6B,trec,4,5,0.40078125,0.05856770254372285,0.3125,0.453125,1.0,1.0,28.06022931919506,140.3011465959753
ICL,Qwen/Qwen3-0.6B,trec,8,5,0.5140625,0.05691608663610623,0.4375,0.5625,1.0,1.0,27.873405150600593,139.36702575300296
LoRA,Qwen/Qwen3-0.6B,trec,1,5,0.1875,0.014352478961620185,0.17578125,0.203125,1.0,1.0,38.365210728799866,191.82605364399933
LoRA,Qwen/Qwen3-0.6B,trec,16,5,0.21484375,0.02157297073669387,0.1875,0.24609375,1.0,1.0,39.29116099619714,196.4558049809857
LoRA,Qwen/Qwen3-0.6B,trec,2,5,0.18671875,0.010111077426206863,0.17578125,0.19921875,1.0,1.0,38.825070894004604,194.125354470023
LoRA,Qwen/Qwen3-0.6B,trec,32,5,0.27890625,0.016937096397405312,0.26171875,0.3046875,1.0,1.0,39.780668884206534,198.90334442103267
LoRA,Qwen/Qwen3-0.6B,trec,4,5,0.1890625,0.012536567606157198,0.17578125,0.20703125,1.0,1.0,38.776782928797914,193.88391464398956
LoRA,Qwen/Qwen3-0.6B,trec,8,5,0.19296875,0.015770804092333085,0.17578125,0.21484375,1.0,1.0,38.9764844330035,194.8824221650175
ICL,Qwen/Qwen3-1.7B,mrpc,0,5,0.5921875,0.002139541240254555,0.58984375,0.59375,1.0,1.0,24.685716466602752,123.42858233301376
ICL,Qwen/Qwen3-1.7B,mrpc,1,5,0.6265625,0.026435819243263485,0.59765625,0.66796875,1.0,1.0,24.78237001580419,123.91185007902095
ICL,Qwen/Qwen3-1.7B,mrpc,16,5,0.6390625,0.04398652581331015,0.58984375,0.703125,1.0,1.0,19.052702129405226,95.26351064702612
ICL,Qwen/Qwen3-1.7B,mrpc,2,5,0.653125,0.027259916128699845,0.6171875,0.6796875,1.0,1.0,24.830699614602054,124.15349807301027
ICL,Qwen/Qwen3-1.7B,mrpc,32,5,0.640625,0.03013134496199514,0.609375,0.6796875,1.0,1.0,17.8817612440027,89.4088062200135
ICL,Qwen/Qwen3-1.7B,mrpc,4,5,0.64375,0.03376139130676859,0.59375,0.68359375,1.0,1.0,24.818553010199686,124.09276505099842
ICL,Qwen/Qwen3-1.7B,mrpc,8,5,0.68671875,0.01941370881217059,0.6640625,0.71484375,1.0,1.0,24.66645589139589,123.33227945697945
LoRA,Qwen/Qwen3-1.7B,mrpc,1,5,0.5890625,0.0032682032286487327,0.5859375,0.59375,1.0,1.0,32.054225648403374,160.27112824201686
LoRA,Qwen/Qwen3-1.7B,mrpc,16,5,0.58671875,0.005793905068043487,0.578125,0.59375,1.0,1.0,33.585727918993506,167.92863959496754
LoRA,Qwen/Qwen3-1.7B,mrpc,2,5,0.59140625,0.002139541240254555,0.58984375,0.59375,1.0,1.0,32.27321930419348,161.3660965209674
LoRA,Qwen/Qwen3-1.7B,mrpc,32,5,0.56640625,0.008286407592029853,0.5546875,0.578125,1.0,1.0,35.095644944603556,175.47822472301777
LoRA,Qwen/Qwen3-1.7B,mrpc,4,5,0.5921875,0.004453810254293508,0.5859375,0.59765625,1.0,1.0,32.60225385999729,163.01126929998645
LoRA,Qwen/Qwen3-1.7B,mrpc,8,5,0.590625,0.006418623720763666,0.58203125,0.59765625,1.0,1.0,32.92125924700376,164.60629623501882
ICL,Qwen/Qwen3-1.7B,rte,0,5,0.81171875,0.0032682032286487327,0.80859375,0.81640625,1.0,1.0,24.780377043000772,123.90188521500386
ICL,Qwen/Qwen3-1.7B,rte,1,5,0.803125,0.020032627195247007,0.78125,0.828125,1.0,1.0,25.102476399199805,125.51238199599902
ICL,Qwen/Qwen3-1.7B,rte,16,5,0.7171875,0.037119653181889374,0.6796875,0.765625,1.0,1.0,14.129726657002175,70.64863328501087
ICL,Qwen/Qwen3-1.7B,rte,2,5,0.765625,0.04332240822816179,0.69921875,0.8125,1.0,1.0,24.709237293999468,123.54618646999734
ICL,Qwen/Qwen3-1.7B,rte,32,5,0.753125,0.04362076335982384,0.69921875,0.8046875,1.0,1.0,17.849118023205666,89.24559011602832
ICL,Qwen/Qwen3-1.7B,rte,4,5,0.72578125,0.04897633755830462,0.6796875,0.7890625,1.0,1.0,22.328197957397787,111.64098978698894
ICL,Qwen/Qwen3-1.7B,rte,8,5,0.7125,0.019648088031186395,0.69140625,0.734375,1.0,1.0,15.215109065400611,76.07554532700306
LoRA,Qwen/Qwen3-1.7B,rte,1,5,0.81640625,0.00390625,0.8125,0.8203125,1.0,1.0,32.24815583161253,161.24077915806265
LoRA,Qwen/Qwen3-1.7B,rte,16,5,0.81640625,0.0027621358640099515,0.8125,0.8203125,1.0,1.0,34.105509911998524,170.52754955999262
LoRA,Qwen/Qwen3-1.7B,rte,2,5,0.815625,0.00427908248050911,0.80859375,0.8203125,1.0,1.0,33.061393902394045,165.30696951197024
LoRA,Qwen/Qwen3-1.7B,rte,32,5,0.82890625,0.0032682032286487327,0.82421875,0.83203125,1.0,1.0,35.57015850819444,177.85079254097218
LoRA,Qwen/Qwen3-1.7B,rte,4,5,0.8140625,0.0034938562148434213,0.80859375,0.81640625,1.0,1.0,32.681544878403656,163.40772439201828
LoRA,Qwen/Qwen3-1.7B,rte,8,5,0.81328125,0.006418623720763666,0.80859375,0.82421875,1.0,1.0,33.36859087020421,166.84295435102104
ICL,Qwen/Qwen3-1.7B,sst2,0,5,0.82734375,0.025224819204629594,0.796875,0.85546875,0.99609375,0.99921875,24.662274529397838,123.31137264698918
ICL,Qwen/Qwen3-1.7B,sst2,1,5,0.884375,0.012536567606157198,0.8671875,0.8984375,0.9921875,0.99765625,24.799714921995474,123.99857460997737
ICL,Qwen/Qwen3-1.7B,sst2,16,5,0.91484375,0.014458402752595115,0.8984375,0.93359375,1.0,1.0,24.975167538803362,124.87583769401681
ICL,Qwen/Qwen3-1.7B,sst2,2,5,0.90390625,0.0059241214406652734,0.8984375,0.9140625,0.99609375,0.9984375,24.762842334600283,123.81421167300141
ICL,Qwen/Qwen3-1.7B,sst2,32,5,0.90234375,0.019918044974971814,0.87890625,0.921875,1.0,1.0,24.923511885802146,124.61755942901073
ICL,Qwen/Qwen3-1.7B,sst2,4,5,0.9,0.013418409404154428,0.87890625,0.91015625,0.99609375,0.99921875,24.928367255599007,124.64183627799503
ICL,Qwen/Qwen3-1.7B,sst2,8,5,0.9125,0.013975424859373685,0.90234375,0.9296875,0.99609375,0.99921875,24.858912283199608,124.29456141599803
LoRA,Qwen/Qwen3-1.7B,sst2,1,5,0.790625,0.012536567606157198,0.7734375,0.8046875,0.99609375,0.99921875,32.02385163979998,160.1192581989999
LoRA,Qwen/Qwen3-1.7B,sst2,16,5,0.79296875,0.013810679320049757,0.77734375,0.8125,0.99609375,0.9984375,33.89262926098964,169.46314630494817
LoRA,Qwen/Qwen3-1.7B,sst2,2,5,0.79140625,0.012837247441527332,0.7734375,0.80859375,0.99609375,0.9984375,32.05771458420058,160.28857292100292
LoRA,Qwen/Qwen3-1.7B,sst2,32,5,0.8078125,0.01819658546695643,0.7890625,0.83203125,0.984375,0.9921875,35.28537742320477,176.42688711602386
LoRA,Qwen/Qwen3-1.7B,sst2,4,5,0.78828125,0.012475562048961962,0.7734375,0.8046875,0.99609375,0.99921875,32.34225644759645,161.71128223798223
LoRA,Qwen/Qwen3-1.7B,sst2,8,5,0.78984375,0.011848242881330547,0.7734375,0.8046875,0.99609375,0.9984375,32.998315509992246,164.99157754996122
ICL,Qwen/Qwen3-1.7B,trec,0,5,0.40625,0.04358576875863554,0.34765625,0.453125,1.0,1.0,28.78735554800078,143.9367777400039
ICL,Qwen/Qwen3-1.7B,trec,1,5,0.47265625,0.030257682392245445,0.421875,0.49609375,1.0,1.0,27.736482650999097,138.68241325499548
ICL,Qwen/Qwen3-1.7B,trec,16,5,0.64921875,0.030055287596361478,0.61328125,0.68359375,1.0,1.0,29.497707202802122,147.4885360140106
ICL,Qwen/Qwen3-1.7B,trec,2,5,0.5125,0.05776761348687299,0.4609375,0.59765625,1.0,1.0,27.965309065801556,139.82654532900779
ICL,Qwen/Qwen3-1.7B,trec,32,5,0.6640625,0.022777155839239456,0.63671875,0.69140625,1.0,1.0,29.256933168800607,146.28466584400303
ICL,Qwen/Qwen3-1.7B,trec,4,5,0.56953125,0.027676546224872423,0.53125,0.609375,1.0,1.0,28.41285260400473,142.06426302002365
ICL,Qwen/Qwen3-1.7B,trec,8,5,0.61640625,0.03552325795121768,0.57421875,0.66796875,1.0,1.0,28.788860146190565,143.94430073095282
LoRA,Qwen/Qwen3-1.7B,trec,1,5,0.403125,0.04362076335982384,0.3515625,0.453125,1.0,1.0,37.50838396199688,187.5419198099844
LoRA,Qwen/Qwen3-1.7B,trec,16,5,0.39375,0.04128446122067297,0.34765625,0.4453125,1.0,1.0,39.079776653407315,195.39888326703658
LoRA,Qwen/Qwen3-1.7B,trec,2,5,0.39609375,0.050525195795328194,0.33203125,0.453125,1.0,1.0,37.740110593001006,188.70055296500504
LoRA,Qwen/Qwen3-1.7B,trec,32,5,0.39296875,0.03670628112760471,0.34765625,0.4375,1.0,1.0,40.30561771779467,201.52808858897333
LoRA,Qwen/Qwen3-1.7B,trec,4,5,0.396875,0.051125635119832494,0.33203125,0.453125,1.0,1.0,37.807509303804544,189.03754651902273
LoRA,Qwen/Qwen3-1.7B,trec,8,5,0.40078125,0.052524175981161283,0.3359375,0.46484375,1.0,1.0,38.33804277839081,191.69021389195404
ICL,Qwen/Qwen3-4B,mrpc,0,5,0.74453125,0.00855816496101822,0.73046875,0.75,1.0,1.0,38.54857305760379,192.74286528801895
ICL,Qwen/Qwen3-4B,mrpc,1,5,0.7328125,0.029569048230899318,0.6953125,0.7734375,1.0,1.0,31.276756514199953,156.38378257099976
ICL,Qwen/Qwen3-4B,mrpc,16,5,0.7125,0.020032627195247007,0.6875,0.73046875,1.0,1.0,35.20506273619394,176.0253136809697
ICL,Qwen/Qwen3-4B,mrpc,2,5,0.73515625,0.01798572567690834,0.71875,0.765625,1.0,1.0,31.281252117999248,156.40626058999624
ICL,Qwen/Qwen3-4B,mrpc,32,5,0.69765625,0.02287742260054113,0.671875,0.72265625,1.0,1.0,43.71550998300226,218.57754991501133
ICL,Qwen/Qwen3-4B,mrpc,4,5,0.72265625,0.018936249443032536,0.69140625,0.7421875,1.0,1.0,31.429313656802698,157.14656828401348
ICL,Qwen/Qwen3-4B,mrpc,8,5,0.71796875,0.019609219371892396,0.703125,0.75,1.0,1.0,31.6931798376012,158.465899188006
LoRA,Qwen/Qwen3-4B,mrpc,1,5,0.74375,0.009804609685946198,0.7265625,0.75,1.0,1.0,50.75362373340177,253.76811866700882
LoRA,Qwen/Qwen3-4B,mrpc,16,5,0.7453125,0.009326044051807283,0.73046875,0.75390625,1.0,1.0,52.58654677778977,262.93273388894886
LoRA,Qwen/Qwen3-4B,mrpc,2,5,0.7453125,0.008907620508587016,0.73046875,0.75390625,1.0,1.0,50.88622543880338,254.43112719401688
LoRA,Qwen/Qwen3-4B,mrpc,32,5,0.740625,0.00855816496101822,0.7265625,0.75,1.0,1.0,54.65158753120486,273.2579376560243
LoRA,Qwen/Qwen3-4B,mrpc,4,5,0.7453125,0.008468548198702656,0.73046875,0.75,1.0,1.0,50.93492120519513,254.67460602597566
LoRA,Qwen/Qwen3-4B,mrpc,8,5,0.7453125,0.006418623720763666,0.734375,0.75,1.0,1.0,51.69179695139464,258.4589847569732
ICL,Qwen/Qwen3-4B,rte,0,5,0.809375,0.0032682032286487327,0.8046875,0.8125,1.0,1.0,38.63633570940001,193.18167854700005
ICL,Qwen/Qwen3-4B,rte,1,5,0.84375,0.014084184669781208,0.82421875,0.86328125,1.0,1.0,31.380695336202916,156.90347668101458
ICL,Qwen/Qwen3-4B,rte,16,5,0.815625,0.010839403848055944,0.796875,0.82421875,1.0,1.0,37.851418814601494,189.25709407300747
ICL,Qwen/Qwen3-4B,rte,2,5,0.83203125,0.0078125,0.82421875,0.83984375,1.0,1.0,31.420566159597364,157.10283079798683
ICL,Qwen/Qwen3-4B,rte,32,5,0.83046875,0.02096313728906053,0.80859375,0.85546875,1.0,1.0,47.2736320044045,236.3681600220225
ICL,Qwen/Qwen3-4B,rte,4,5,0.83046875,0.015527036651837337,0.80859375,0.8515625,1.0,1.0,31.5533497140088,157.766748570044
ICL,Qwen/Qwen3-4B,rte,8,5,0.83046875,0.01738171520413046,0.8046875,0.84375,1.0,1.0,32.94328013679042,164.7164006839521
LoRA,Qwen/Qwen3-4B,rte,1,5,0.8046875,0.005524271728019903,0.796875,0.80859375,1.0,1.0,50.67748858540144,253.3874429270072
LoRA,Qwen/Qwen3-4B,rte,16,5,0.81171875,0.0032682032286487327,0.80859375,0.81640625,1.0,1.0,52.50189113880769,262.5094556940385
LoRA,Qwen/Qwen3-4B,rte,2,5,0.80546875,0.0032682032286487327,0.80078125,0.80859375,1.0,1.0,50.627721815809494,253.13860907904746
LoRA,Qwen/Qwen3-4B,rte,32,5,0.82421875,0.006176323555016366,0.81640625,0.83203125,1.0,1.0,54.59528488980577,272.97642444902885
LoRA,Qwen/Qwen3-4B,rte,4,5,0.80546875,0.005093126879064569,0.796875,0.80859375,1.0,1.0,50.912039819796334,254.56019909898168
LoRA,Qwen/Qwen3-4B,rte,8,5,0.81171875,0.0032682032286487327,0.80859375,0.81640625,1.0,1.0,51.60461841960787,258.02309209803934
ICL,Qwen/Qwen3-4B,sst2,0,5,0.92265625,0.010481568644530264,0.90625,0.9296875,0.99609375,0.996875,35.249961945204994,176.24980972602498
ICL,Qwen/Qwen3-4B,sst2,1,5,0.9265625,0.01547782246574918,0.90625,0.94140625,0.99609375,0.99765625,31.64416187400202,158.2208093700101
ICL,Qwen/Qwen3-4B,sst2,16,5,0.92734375,0.012536567606157198,0.91015625,0.9453125,1.0,1.0,31.808727613193334,159.04363806596666
ICL,Qwen/Qwen3-4B,sst2,2,5,0.92734375,0.014771617500928935,0.9140625,0.9453125,0.99609375,0.9984375,31.510303474201645,157.55151737100823
ICL,Qwen/Qwen3-4B,sst2,32,5,0.93125,0.016010860571811874,0.91015625,0.94921875,1.0,1.0,32.38450190060102,161.92250950300513
ICL,Qwen/Qwen3-4B,sst2,4,5,0.925,0.015722352966795396,0.91015625,0.94140625,0.99609375,0.99921875,31.607438837201336,158.03719418600667
ICL,Qwen/Qwen3-4B,sst2,8,5,0.9265625,0.010481568644530264,0.91015625,0.9375,1.0,1.0,31.6931419163986,158.465709581993
LoRA,Qwen/Qwen3-4B,sst2,1,5,0.9203125,0.01424576760063318,0.90234375,0.9375,0.99609375,0.99609375,47.378149113401015,236.89074556700507
LoRA,Qwen/Qwen3-4B,sst2,16,5,0.9265625,0.01689199086753098,0.90234375,0.9453125,0.99609375,0.99765625,50.334700822392186,251.67350411196094
LoRA,Qwen/Qwen3-4B,sst2,2,5,0.9203125,0.015770804092333085,0.8984375,0.9375,0.99609375,0.99609375,47.36314599759935,236.81572998799675
LoRA,Qwen/Qwen3-4B,sst2,32,5,0.92578125,0.01680141653719263,0.90234375,0.9453125,0.99609375,0.99765625,53.96473639120086,269.8236819560043
LoRA,Qwen/Qwen3-4B,sst2,4,5,0.9203125,0.017815241017174032,0.89453125,0.9375,0.99609375,0.996875,47.916610271194074,239.58305135597038
LoRA,Qwen/Qwen3-4B,sst2,8,5,0.921875,0.013810679320049757,0.90234375,0.9375,0.99609375,0.99609375,48.53886066539708,242.6943033269854
ICL,Qwen/Qwen3-4B,trec,0,5,0.4859375,0.02555535505280645,0.44921875,0.50390625,1.0,1.0,44.33814289020229,221.69071445101144
ICL,Qwen/Qwen3-4B,trec,1,5,0.596875,0.023339639447327587,0.5703125,0.625,1.0,1.0,38.3141482165971,191.57074108298548
ICL,Qwen/Qwen3-4B,trec,16,5,0.71953125,0.027676546224872423,0.6875,0.75390625,1.0,1.0,36.38827775980026,181.9413887990013
ICL,Qwen/Qwen3-4B,trec,2,5,0.6015625,0.03653962291771427,0.5625,0.65234375,1.0,1.0,36.90267400199809,184.51337000999047
ICL,Qwen/Qwen3-4B,trec,32,5,0.75,0.031127690333025836,0.7109375,0.796875,1.0,1.0,36.78145962280105,183.90729811400524
ICL,Qwen/Qwen3-4B,trec,4,5,0.65390625,0.024174606948071567,0.6171875,0.6796875,1.0,1.0,36.60399896039744,183.0199948019872
ICL,Qwen/Qwen3-4B,trec,8,5,0.696875,0.040838531370891024,0.63671875,0.7265625,1.0,1.0,36.598704095605356,182.99352047802677
LoRA,Qwen/Qwen3-4B,trec,1,5,0.48984375,0.020032627195247007,0.46484375,0.5078125,1.0,1.0,57.803059289610246,289.01529644805123
LoRA,Qwen/Qwen3-4B,trec,16,5,0.5046875,0.02092671130621699,0.48046875,0.52734375,1.0,1.0,59.76074548459583,298.80372742297914
LoRA,Qwen/Qwen3-4B,trec,2,5,0.48828125,0.018528970665049098,0.46484375,0.5078125,1.0,1.0,57.57637476700766,287.8818738350383
LoRA,Qwen/Qwen3-4B,trec,32,5,0.5375,0.03275199033789779,0.5078125,0.58203125,1.0,1.0,61.23002518619178,306.1501259309589
LoRA,Qwen/Qwen3-4B,trec,4,5,0.4921875,0.029100907081545585,0.453125,0.515625,1.0,1.0,58.237298716997614,291.18649358498806
LoRA,Qwen/Qwen3-4B,trec,8,5,0.48828125,0.029231698334171417,0.453125,0.515625,1.0,1.0,59.00769997238967,295.03849986194837
