model_id,task,method,budget,n,runtime_sec_mean,runtime_sec_sum,train_runtime_sec_mean,inference_runtime_sec_mean,model_load_sec_mean
Qwen/Qwen3-0.6B,mrpc,ICL,0,5,29.87496111639557,149.37480558197785,,29.87496111639557,
Qwen/Qwen3-0.6B,mrpc,ICL,1,5,24.277408395204837,121.3870419760242,,24.277408395204837,
Qwen/Qwen3-0.6B,mrpc,ICL,16,5,24.397671663796064,121.98835831898032,,24.397671663796064,
Qwen/Qwen3-0.6B,mrpc,ICL,2,5,24.2660997733954,121.330498866977,,24.2660997733954,
Qwen/Qwen3-0.6B,mrpc,ICL,32,5,22.926227391201973,114.63113695600987,,22.926227391201973,
Qwen/Qwen3-0.6B,mrpc,ICL,4,5,24.302626991400757,121.51313495700379,,24.302626991400757,
Qwen/Qwen3-0.6B,mrpc,ICL,8,5,24.242767499602632,121.21383749801316,,24.242767499602632,
Qwen/Qwen3-0.6B,mrpc,LoRA,1,5,38.445209932798754,192.22604966399376,0.1299597254001128,37.83314202519905,0.4821081821995904
Qwen/Qwen3-0.6B,mrpc,LoRA,16,5,40.16830866219898,200.8415433109949,1.4913897491976968,38.216510904605094,0.46040800839618895
Qwen/Qwen3-0.6B,mrpc,LoRA,2,5,38.641709717790945,193.20854858895473,0.20563989339134423,37.98453111620256,0.45153870819704023
Qwen/Qwen3-0.6B,mrpc,LoRA,32,5,41.70679834679686,208.5339917339843,2.9426688651969015,38.320310433398845,0.4438190482011123
Qwen/Qwen3-0.6B,mrpc,LoRA,4,5,38.92631663720677,194.63158318603382,0.38785050560109086,38.08652279200542,0.4519433396002569
Qwen/Qwen3-0.6B,mrpc,LoRA,8,5,39.90202126501244,199.51010632506222,0.7611195840057917,38.69373733840257,0.4471643426040828
Qwen/Qwen3-0.6B,rte,ICL,0,5,29.906275115195605,149.53137557597802,,29.906275115195605,
Qwen/Qwen3-0.6B,rte,ICL,1,5,28.227654681998683,141.13827340999342,,28.227654681998683,
Qwen/Qwen3-0.6B,rte,ICL,16,5,27.50173925659765,137.50869628298824,,27.50173925659765,
Qwen/Qwen3-0.6B,rte,ICL,2,5,27.52424137739654,137.6212068869827,,27.52424137739654,
Qwen/Qwen3-0.6B,rte,ICL,32,5,27.707600317797187,138.53800158898594,,27.707600317797187,
Qwen/Qwen3-0.6B,rte,ICL,4,5,28.60989562500181,143.04947812500905,,28.60989562500181,
Qwen/Qwen3-0.6B,rte,ICL,8,5,27.427909228803763,137.13954614401882,,27.427909228803763,
Qwen/Qwen3-0.6B,rte,LoRA,1,5,38.93302363760231,194.66511818801155,0.13293639160183374,38.3230478287951,0.4770394172053784
Qwen/Qwen3-0.6B,rte,LoRA,16,5,40.098846699801655,200.49423349900826,1.479481803206727,38.17073419559383,0.44863070100109326
Qwen/Qwen3-0.6B,rte,LoRA,2,5,39.293530693402865,196.46765346701432,0.21459665920265253,38.62561771600376,0.45331631819644824
Qwen/Qwen3-0.6B,rte,LoRA,32,5,42.25076314260441,211.25381571302205,2.936526323005819,38.85871795120329,0.455518868395302
Qwen/Qwen3-0.6B,rte,LoRA,4,5,38.929080797192725,194.64540398596364,0.3927008315942658,38.09073035719412,0.44564960840434653
Qwen/Qwen3-0.6B,rte,LoRA,8,5,39.52012186539723,197.60060932698616,0.7681800694015692,38.30454842579711,0.4473933701985516
Qwen/Qwen3-0.6B,sst2,ICL,0,5,24.449378402800356,122.24689201400179,,24.449378402800356,
Qwen/Qwen3-0.6B,sst2,ICL,1,5,24.291050298798655,121.45525149399327,,24.291050298798655,
Qwen/Qwen3-0.6B,sst2,ICL,16,5,24.762187503003226,123.81093751501612,,24.762187503003226,
Qwen/Qwen3-0.6B,sst2,ICL,2,5,24.225539478995778,121.1276973949789,,24.225539478995778,
Qwen/Qwen3-0.6B,sst2,ICL,32,5,24.66214525360265,123.31072626801324,,24.66214525360265,
Qwen/Qwen3-0.6B,sst2,ICL,4,5,24.42125389980065,122.10626949900325,,24.42125389980065,
Qwen/Qwen3-0.6B,sst2,ICL,8,5,24.50111339300056,122.5055669650028,,24.50111339300056,
Qwen/Qwen3-0.6B,sst2,LoRA,1,5,32.04362725920655,160.21813629603275,0.17383737540076255,31.392188246604928,0.47760163720085985
Qwen/Qwen3-0.6B,sst2,LoRA,16,5,33.889425028597906,169.44712514298953,1.4849479716038332,31.93785724699337,0.4666198100007023
Qwen/Qwen3-0.6B,sst2,LoRA,2,5,32.29459608059551,161.47298040297756,0.193286220599839,31.636276955197538,0.46503290479813586
Qwen/Qwen3-0.6B,sst2,LoRA,32,5,35.97042041079694,179.8521020539847,3.001901518396335,32.5117524369969,0.45676645540370375
Qwen/Qwen3-0.6B,sst2,LoRA,4,5,32.5767835919949,162.8839179599745,0.37867946899859817,31.72628470540003,0.4718194175962708
Qwen/Qwen3-0.6B,sst2,LoRA,8,5,33.2995923602095,166.4979618010475,0.7698901168063458,32.06313174879979,0.46657049460336564
Qwen/Qwen3-0.6B,trec,ICL,0,5,29.496673001399177,147.48336500699588,,29.496673001399177,
Qwen/Qwen3-0.6B,trec,ICL,1,5,28.191392669403285,140.95696334701643,,28.191392669403285,
Qwen/Qwen3-0.6B,trec,ICL,16,5,27.676456928197148,138.38228464098574,,27.676456928197148,
Qwen/Qwen3-0.6B,trec,ICL,2,5,27.578923963203124,137.89461981601562,,27.578923963203124,
Qwen/Qwen3-0.6B,trec,ICL,32,5,27.388556123600573,136.94278061800287,,27.388556123600573,
Qwen/Qwen3-0.6B,trec,ICL,4,5,28.06022931919506,140.3011465959753,,28.06022931919506,
Qwen/Qwen3-0.6B,trec,ICL,8,5,27.873405150600593,139.36702575300296,,27.873405150600593,
Qwen/Qwen3-0.6B,trec,LoRA,1,5,38.365210728799866,191.82605364399933,0.10705156479525613,37.78308892860368,0.4750702354009263
Qwen/Qwen3-0.6B,trec,LoRA,16,5,39.29116099619714,196.4558049809857,1.45068481039998,37.39727822139757,0.44319796439958736
Qwen/Qwen3-0.6B,trec,LoRA,2,5,38.825070894004604,194.125354470023,0.20257875860479543,38.16953120640392,0.45296092899588986
Qwen/Qwen3-0.6B,trec,LoRA,32,5,39.780668884206534,198.90334442103267,2.8933504708002147,36.44393315100315,0.4433852624031715
Qwen/Qwen3-0.6B,trec,LoRA,4,5,38.776782928797914,193.88391464398956,0.3863299955999537,37.92563597320041,0.46481695999755174
Qwen/Qwen3-0.6B,trec,LoRA,8,5,38.9764844330035,194.8824221650175,0.7237737527982973,37.79996567160124,0.4527450086039607
Qwen/Qwen3-1.7B,mrpc,ICL,0,5,24.685716466602752,123.42858233301376,,24.685716466602752,
Qwen/Qwen3-1.7B,mrpc,ICL,1,5,24.78237001580419,123.91185007902095,,24.78237001580419,
Qwen/Qwen3-1.7B,mrpc,ICL,16,5,19.052702129405226,95.26351064702612,,19.052702129405226,
Qwen/Qwen3-1.7B,mrpc,ICL,2,5,24.830699614602054,124.15349807301027,,24.830699614602054,
Qwen/Qwen3-1.7B,mrpc,ICL,32,5,17.8817612440027,89.4088062200135,,17.8817612440027,
Qwen/Qwen3-1.7B,mrpc,ICL,4,5,24.818553010199686,124.09276505099842,,24.818553010199686,
Qwen/Qwen3-1.7B,mrpc,ICL,8,5,24.66645589139589,123.33227945697945,,24.66645589139589,
Qwen/Qwen3-1.7B,mrpc,LoRA,1,5,32.054225648403374,160.27112824201686,0.12659543260087958,31.196561932599433,0.731068283203058
Qwen/Qwen3-1.7B,mrpc,LoRA,16,5,33.585727918993506,167.92863959496754,1.5049987460006378,31.38028109319348,0.7004480797993893
Qwen/Qwen3-1.7B,mrpc,LoRA,2,5,32.27321930419348,161.3660965209674,0.20473305559789878,31.382120324393327,0.686365924202255
Qwen/Qwen3-1.7B,mrpc,LoRA,32,5,35.095644944603556,175.47822472301777,2.9707190541936144,31.429468177608943,0.6954577128009987
Qwen/Qwen3-1.7B,mrpc,LoRA,4,5,32.60225385999729,163.01126929998645,0.39008712680006286,31.515216288002556,0.6969504451946704
Qwen/Qwen3-1.7B,mrpc,LoRA,8,5,32.92125924700376,164.60629623501882,0.7595634413999506,31.476420177200634,0.6852756284031785
Qwen/Qwen3-1.7B,rte,ICL,0,5,24.780377043000772,123.90188521500386,,24.780377043000772,
Qwen/Qwen3-1.7B,rte,ICL,1,5,25.102476399199805,125.51238199599902,,25.102476399199805,
Qwen/Qwen3-1.7B,rte,ICL,16,5,14.129726657002175,70.64863328501087,,14.129726657002175,
Qwen/Qwen3-1.7B,rte,ICL,2,5,24.709237293999468,123.54618646999734,,24.709237293999468,
Qwen/Qwen3-1.7B,rte,ICL,32,5,17.849118023205666,89.24559011602832,,17.849118023205666,
Qwen/Qwen3-1.7B,rte,ICL,4,5,22.328197957397787,111.64098978698894,,22.328197957397787,
Qwen/Qwen3-1.7B,rte,ICL,8,5,15.215109065400611,76.07554532700306,,15.215109065400611,
Qwen/Qwen3-1.7B,rte,LoRA,1,5,32.24815583161253,161.24077915806265,0.12919939540151973,31.371087913603695,0.747868522607314
Qwen/Qwen3-1.7B,rte,LoRA,16,5,34.105509911998524,170.52754955999262,1.5362709496024762,31.86227913059265,0.7069598318033968
Qwen/Qwen3-1.7B,rte,LoRA,2,5,33.061393902394045,165.30696951197024,0.2099881955960882,32.1513786601965,0.7000270466014626
Qwen/Qwen3-1.7B,rte,LoRA,32,5,35.57015850819444,177.85079254097218,2.985006479397998,31.8892889869996,0.6958630417968379
Qwen/Qwen3-1.7B,rte,LoRA,4,5,32.681544878403656,163.40772439201828,0.4077755309990607,31.540356656801304,0.7334126906032907
Qwen/Qwen3-1.7B,rte,LoRA,8,5,33.36859087020421,166.84295435102104,0.7796679969978868,31.859057350204967,0.7298655230013538
Qwen/Qwen3-1.7B,sst2,ICL,0,5,24.662274529397838,123.31137264698918,,24.662274529397838,
Qwen/Qwen3-1.7B,sst2,ICL,1,5,24.799714921995474,123.99857460997737,,24.799714921995474,
Qwen/Qwen3-1.7B,sst2,ICL,16,5,24.975167538803362,124.87583769401681,,24.975167538803362,
Qwen/Qwen3-1.7B,sst2,ICL,2,5,24.762842334600283,123.81421167300141,,24.762842334600283,
Qwen/Qwen3-1.7B,sst2,ICL,32,5,24.923511885802146,124.61755942901073,,24.923511885802146,
Qwen/Qwen3-1.7B,sst2,ICL,4,5,24.928367255599007,124.64183627799503,,24.928367255599007,
Qwen/Qwen3-1.7B,sst2,ICL,8,5,24.858912283199608,124.29456141599803,,24.858912283199608,
Qwen/Qwen3-1.7B,sst2,LoRA,1,5,32.02385163979998,160.1192581989999,0.11872556579837693,31.134435038199445,0.7706910358021559
Qwen/Qwen3-1.7B,sst2,LoRA,16,5,33.89262926098964,169.46314630494817,1.4899136933985573,31.703220759793474,0.6994948077976005
Qwen/Qwen3-1.7B,sst2,LoRA,2,5,32.05771458420058,160.28857292100292,0.20544801160067436,31.15146080160048,0.7008057709994319
Qwen/Qwen3-1.7B,sst2,LoRA,32,5,35.28537742320477,176.42688711602386,2.999304689598648,31.584290635405342,0.7017820982007834
Qwen/Qwen3-1.7B,sst2,LoRA,4,5,32.34225644759645,161.71128223798223,0.3863012262016127,31.256202412793208,0.6997528086016246
Qwen/Qwen3-1.7B,sst2,LoRA,8,5,32.998315509992246,164.99157754996122,0.8272972811937507,31.47016872579843,0.7008495030000631
Qwen/Qwen3-1.7B,trec,ICL,0,5,28.78735554800078,143.9367777400039,,28.78735554800078,
Qwen/Qwen3-1.7B,trec,ICL,1,5,27.736482650999097,138.68241325499548,,27.736482650999097,
Qwen/Qwen3-1.7B,trec,ICL,16,5,29.497707202802122,147.4885360140106,,29.497707202802122,
Qwen/Qwen3-1.7B,trec,ICL,2,5,27.965309065801556,139.82654532900779,,27.965309065801556,
Qwen/Qwen3-1.7B,trec,ICL,32,5,29.256933168800607,146.28466584400303,,29.256933168800607,
Qwen/Qwen3-1.7B,trec,ICL,4,5,28.41285260400473,142.06426302002365,,28.41285260400473,
Qwen/Qwen3-1.7B,trec,ICL,8,5,28.788860146190565,143.94430073095282,,28.788860146190565,
Qwen/Qwen3-1.7B,trec,LoRA,1,5,37.50838396199688,187.5419198099844,0.13446108440402896,36.6130911391956,0.7608317383972463
Qwen/Qwen3-1.7B,trec,LoRA,16,5,39.079776653407315,195.39888326703658,1.5457171874004416,36.819806799001526,0.7142526670053485
Qwen/Qwen3-1.7B,trec,LoRA,2,5,37.740110593001006,188.70055296500504,0.22288930260256165,36.80550553080684,0.7117157595916069
Qwen/Qwen3-1.7B,trec,LoRA,32,5,40.30561771779467,201.52808858897333,2.9505301474026053,36.66803681919991,0.687050751192146
Qwen/Qwen3-1.7B,trec,LoRA,4,5,37.807509303804544,189.03754651902273,0.4045396272049402,36.68856453240441,0.7144051441951887
Qwen/Qwen3-1.7B,trec,LoRA,8,5,38.33804277839081,191.69021389195404,0.7628676465988974,36.88369373699097,0.6914813948009396
Qwen/Qwen3-4B,mrpc,ICL,0,5,38.54857305760379,192.74286528801895,,38.54857305760379,
Qwen/Qwen3-4B,mrpc,ICL,1,5,31.276756514199953,156.38378257099976,,31.276756514199953,
Qwen/Qwen3-4B,mrpc,ICL,16,5,35.20506273619394,176.0253136809697,,35.20506273619394,
Qwen/Qwen3-4B,mrpc,ICL,2,5,31.281252117999248,156.40626058999624,,31.281252117999248,
Qwen/Qwen3-4B,mrpc,ICL,32,5,43.71550998300226,218.57754991501133,,43.71550998300226,
Qwen/Qwen3-4B,mrpc,ICL,4,5,31.429313656802698,157.14656828401348,,31.429313656802698,
Qwen/Qwen3-4B,mrpc,ICL,8,5,31.6931798376012,158.465899188006,,31.6931798376012,
Qwen/Qwen3-4B,mrpc,LoRA,1,5,50.75362373340177,253.76811866700882,0.1561688348010648,49.344485733400504,1.2529691652001929
Qwen/Qwen3-4B,mrpc,LoRA,16,5,52.58654677778977,262.93273388894886,1.9992083206016105,49.44064305159554,1.146695405592618
Qwen/Qwen3-4B,mrpc,LoRA,2,5,50.88622543880338,254.43112719401688,0.27998063640552573,49.49122715179838,1.115017650599475
Qwen/Qwen3-4B,mrpc,LoRA,32,5,54.65158753120486,273.2579376560243,3.964389744201617,49.58108314019919,1.1061146468040532
Qwen/Qwen3-4B,mrpc,LoRA,4,5,50.93492120519513,254.67460602597566,0.506363046594197,49.337477732400295,1.0910804262006422
Qwen/Qwen3-4B,mrpc,LoRA,8,5,51.69179695139464,258.4589847569732,0.9819064625960892,49.59260559079994,1.1172848979986156
Qwen/Qwen3-4B,rte,ICL,0,5,38.63633570940001,193.18167854700005,,38.63633570940001,
Qwen/Qwen3-4B,rte,ICL,1,5,31.380695336202916,156.90347668101458,,31.380695336202916,
Qwen/Qwen3-4B,rte,ICL,16,5,37.851418814601494,189.25709407300747,,37.851418814601494,
Qwen/Qwen3-4B,rte,ICL,2,5,31.420566159597364,157.10283079798683,,31.420566159597364,
Qwen/Qwen3-4B,rte,ICL,32,5,47.2736320044045,236.3681600220225,,47.2736320044045,
Qwen/Qwen3-4B,rte,ICL,4,5,31.5533497140088,157.766748570044,,31.5533497140088,
Qwen/Qwen3-4B,rte,ICL,8,5,32.94328013679042,164.7164006839521,,32.94328013679042,
Qwen/Qwen3-4B,rte,LoRA,1,5,50.67748858540144,253.3874429270072,0.15724995260097785,49.28495315520122,1.2352854775992455
Qwen/Qwen3-4B,rte,LoRA,16,5,52.50189113880769,262.5094556940385,1.9329742236004677,49.47805343000364,1.0908634852035903
Qwen/Qwen3-4B,rte,LoRA,2,5,50.627721815809494,253.13860907904746,0.2687081648051389,49.281041253602595,1.0779723974017543
Qwen/Qwen3-4B,rte,LoRA,32,5,54.59528488980577,272.97642444902885,3.8476394291967155,49.65268152700882,1.0949639336002293
Qwen/Qwen3-4B,rte,LoRA,4,5,50.912039819796334,254.56019909898168,0.5414004987978842,49.26705405559769,1.1035852654007612
Qwen/Qwen3-4B,rte,LoRA,8,5,51.60461841960787,258.02309209803934,0.9892150660001789,49.53656229659973,1.0788410570079576
Qwen/Qwen3-4B,sst2,ICL,0,5,35.249961945204994,176.24980972602498,,35.249961945204994,
Qwen/Qwen3-4B,sst2,ICL,1,5,31.64416187400202,158.2208093700101,,31.64416187400202,
Qwen/Qwen3-4B,sst2,ICL,16,5,31.808727613193334,159.04363806596666,,31.808727613193334,
Qwen/Qwen3-4B,sst2,ICL,2,5,31.510303474201645,157.55151737100823,,31.510303474201645,
Qwen/Qwen3-4B,sst2,ICL,32,5,32.38450190060102,161.92250950300513,,32.38450190060102,
Qwen/Qwen3-4B,sst2,ICL,4,5,31.607438837201336,158.03719418600667,,31.607438837201336,
Qwen/Qwen3-4B,sst2,ICL,8,5,31.6931419163986,158.465709581993,,31.6931419163986,
Qwen/Qwen3-4B,sst2,LoRA,1,5,47.378149113401015,236.89074556700507,0.17599508920829976,45.96821376359585,1.2339402605968643
Qwen/Qwen3-4B,sst2,LoRA,16,5,50.334700822392186,251.67350411196094,1.9180271649951464,47.3375905709996,1.0790830863974405
Qwen/Qwen3-4B,sst2,LoRA,2,5,47.36314599759935,236.81572998799675,0.2785255370035884,46.000623157400696,1.083997303195065
Qwen/Qwen3-4B,sst2,LoRA,32,5,53.96473639120086,269.8236819560043,3.806636584995431,49.04500877220416,1.1130910340012634
Qwen/Qwen3-4B,sst2,LoRA,4,5,47.916610271194074,239.58305135597038,0.535148182802368,46.270123153799794,1.1113389345919131
Qwen/Qwen3-4B,sst2,LoRA,8,5,48.53886066539708,242.6943033269854,0.9882514257973526,46.46014365580341,1.090465583796322
Qwen/Qwen3-4B,trec,ICL,0,5,44.33814289020229,221.69071445101144,,44.33814289020229,
Qwen/Qwen3-4B,trec,ICL,1,5,38.3141482165971,191.57074108298548,,38.3141482165971,
Qwen/Qwen3-4B,trec,ICL,16,5,36.38827775980026,181.9413887990013,,36.38827775980026,
Qwen/Qwen3-4B,trec,ICL,2,5,36.90267400199809,184.51337000999047,,36.90267400199809,
Qwen/Qwen3-4B,trec,ICL,32,5,36.78145962280105,183.90729811400524,,36.78145962280105,
Qwen/Qwen3-4B,trec,ICL,4,5,36.60399896039744,183.0199948019872,,36.60399896039744,
Qwen/Qwen3-4B,trec,ICL,8,5,36.598704095605356,182.99352047802677,,36.598704095605356,
Qwen/Qwen3-4B,trec,LoRA,1,5,57.803059289610246,289.01529644805123,0.15504080640384926,56.523834418400654,1.1241840648057404
Qwen/Qwen3-4B,trec,LoRA,16,5,59.76074548459583,298.80372742297914,1.9685636790003627,56.66855962160334,1.1236221839921199
Qwen/Qwen3-4B,trec,LoRA,2,5,57.57637476700766,287.8818738350383,0.2669495026013465,56.21564219420397,1.0937830702023348
Qwen/Qwen3-4B,trec,LoRA,32,5,61.23002518619178,306.1501259309589,3.8052703999957886,56.363348565393245,1.0614062208027462
Qwen/Qwen3-4B,trec,LoRA,4,5,58.237298716997614,291.18649358498806,0.535692240195931,56.57064049960318,1.1309659771985026
Qwen/Qwen3-4B,trec,LoRA,8,5,59.00769997238967,295.03849986194837,0.9726997407968156,56.94256248479796,1.0924377467948942
